
Proyecto 2.elf:     file format elf32-avr

Sections:
Idx Name          Size      VMA       LMA       File off  Algn
  0 .data         00000002  00800100  000014a0  00001534  2**0
                  CONTENTS, ALLOC, LOAD, DATA
  1 .text         000014a0  00000000  00000000  00000094  2**1
                  CONTENTS, ALLOC, LOAD, READONLY, CODE
  2 .bss          0000000b  00800102  00800102  00001536  2**0
                  ALLOC
  3 .comment      00000030  00000000  00000000  00001536  2**0
                  CONTENTS, READONLY
  4 .note.gnu.avr.deviceinfo 00000040  00000000  00000000  00001568  2**2
                  CONTENTS, READONLY
  5 .debug_aranges 00000140  00000000  00000000  000015a8  2**0
                  CONTENTS, READONLY, DEBUGGING
  6 .debug_info   00001317  00000000  00000000  000016e8  2**0
                  CONTENTS, READONLY, DEBUGGING
  7 .debug_abbrev 00000a08  00000000  00000000  000029ff  2**0
                  CONTENTS, READONLY, DEBUGGING
  8 .debug_line   000013d7  00000000  00000000  00003407  2**0
                  CONTENTS, READONLY, DEBUGGING
  9 .debug_frame  0000025c  00000000  00000000  000047e0  2**2
                  CONTENTS, READONLY, DEBUGGING
 10 .debug_str    000005b9  00000000  00000000  00004a3c  2**0
                  CONTENTS, READONLY, DEBUGGING
 11 .debug_loc    0000088b  00000000  00000000  00004ff5  2**0
                  CONTENTS, READONLY, DEBUGGING
 12 .debug_ranges 000000c0  00000000  00000000  00005880  2**0
                  CONTENTS, READONLY, DEBUGGING

Disassembly of section .text:

00000000 <__vectors>:
       0:	0c 94 61 00 	jmp	0xc2	; 0xc2 <__ctors_end>
       4:	0c 94 7e 00 	jmp	0xfc	; 0xfc <__bad_interrupt>
       8:	0c 94 7e 00 	jmp	0xfc	; 0xfc <__bad_interrupt>
       c:	0c 94 7e 00 	jmp	0xfc	; 0xfc <__bad_interrupt>
      10:	0c 94 e3 02 	jmp	0x5c6	; 0x5c6 <__vector_4>
      14:	0c 94 7e 00 	jmp	0xfc	; 0xfc <__bad_interrupt>
      18:	0c 94 7e 00 	jmp	0xfc	; 0xfc <__bad_interrupt>
      1c:	0c 94 7e 00 	jmp	0xfc	; 0xfc <__bad_interrupt>
      20:	0c 94 7e 00 	jmp	0xfc	; 0xfc <__bad_interrupt>
      24:	0c 94 7e 00 	jmp	0xfc	; 0xfc <__bad_interrupt>
      28:	0c 94 7e 00 	jmp	0xfc	; 0xfc <__bad_interrupt>
      2c:	0c 94 7e 00 	jmp	0xfc	; 0xfc <__bad_interrupt>
      30:	0c 94 7e 00 	jmp	0xfc	; 0xfc <__bad_interrupt>
      34:	0c 94 7e 00 	jmp	0xfc	; 0xfc <__bad_interrupt>
      38:	0c 94 7e 00 	jmp	0xfc	; 0xfc <__bad_interrupt>
      3c:	0c 94 7e 00 	jmp	0xfc	; 0xfc <__bad_interrupt>
      40:	0c 94 7e 00 	jmp	0xfc	; 0xfc <__bad_interrupt>
      44:	0c 94 7e 00 	jmp	0xfc	; 0xfc <__bad_interrupt>
      48:	0c 94 be 02 	jmp	0x57c	; 0x57c <__vector_18>
      4c:	0c 94 7e 00 	jmp	0xfc	; 0xfc <__bad_interrupt>
      50:	0c 94 7e 00 	jmp	0xfc	; 0xfc <__bad_interrupt>
      54:	0c 94 5a 02 	jmp	0x4b4	; 0x4b4 <__vector_21>
      58:	0c 94 7e 00 	jmp	0xfc	; 0xfc <__bad_interrupt>
      5c:	0c 94 7e 00 	jmp	0xfc	; 0xfc <__bad_interrupt>
      60:	0c 94 7e 00 	jmp	0xfc	; 0xfc <__bad_interrupt>
      64:	0c 94 7e 00 	jmp	0xfc	; 0xfc <__bad_interrupt>
      68:	4d 03       	fmul	r20, r21
      6a:	53 03       	mulsu	r21, r19
      6c:	5c 03       	fmul	r21, r20
      6e:	65 03       	mulsu	r22, r21
      70:	6e 03       	fmul	r22, r22
      72:	77 03       	mulsu	r23, r23
      74:	80 03       	fmuls	r16, r16
      76:	89 03       	fmulsu	r16, r17
      78:	92 03       	fmuls	r17, r18
      7a:	9b 03       	fmulsu	r17, r19
      7c:	a4 03       	fmuls	r18, r20
      7e:	30 04       	cpc	r3, r0
      80:	36 04       	cpc	r3, r6
      82:	3f 04       	cpc	r3, r15
      84:	48 04       	cpc	r4, r8
      86:	51 04       	cpc	r5, r1
      88:	5a 04       	cpc	r5, r10
      8a:	63 04       	cpc	r6, r3
      8c:	6c 04       	cpc	r6, r12
      8e:	5e 05       	cpc	r21, r14
      90:	6c 05       	cpc	r22, r12
      92:	7a 05       	cpc	r23, r10
      94:	1d 06       	cpc	r1, r29
      96:	88 05       	cpc	r24, r8
      98:	99 05       	cpc	r25, r9
      9a:	aa 05       	cpc	r26, r10
      9c:	bb 05       	cpc	r27, r11
      9e:	c9 05       	cpc	r28, r9
      a0:	da 05       	cpc	r29, r10
      a2:	eb 05       	cpc	r30, r11
      a4:	fc 05       	cpc	r31, r12
      a6:	0d 06       	cpc	r0, r29
      a8:	7c 06       	cpc	r7, r28
      aa:	8a 06       	cpc	r8, r26
      ac:	98 06       	cpc	r9, r24
      ae:	3b 07       	cpc	r19, r27
      b0:	a6 06       	cpc	r10, r22
      b2:	b7 06       	cpc	r11, r23
      b4:	c8 06       	cpc	r12, r24
      b6:	d9 06       	cpc	r13, r25
      b8:	e7 06       	cpc	r14, r23
      ba:	f8 06       	cpc	r15, r24
      bc:	09 07       	cpc	r16, r25
      be:	1a 07       	cpc	r17, r26
      c0:	2b 07       	cpc	r18, r27

000000c2 <__ctors_end>:
      c2:	11 24       	eor	r1, r1
      c4:	1f be       	out	0x3f, r1	; 63
      c6:	cf ef       	ldi	r28, 0xFF	; 255
      c8:	d8 e0       	ldi	r29, 0x08	; 8
      ca:	de bf       	out	0x3e, r29	; 62
      cc:	cd bf       	out	0x3d, r28	; 61

000000ce <__do_copy_data>:
      ce:	11 e0       	ldi	r17, 0x01	; 1
      d0:	a0 e0       	ldi	r26, 0x00	; 0
      d2:	b1 e0       	ldi	r27, 0x01	; 1
      d4:	e0 ea       	ldi	r30, 0xA0	; 160
      d6:	f4 e1       	ldi	r31, 0x14	; 20
      d8:	02 c0       	rjmp	.+4      	; 0xde <__do_copy_data+0x10>
      da:	05 90       	lpm	r0, Z+
      dc:	0d 92       	st	X+, r0
      de:	a2 30       	cpi	r26, 0x02	; 2
      e0:	b1 07       	cpc	r27, r17
      e2:	d9 f7       	brne	.-10     	; 0xda <__do_copy_data+0xc>

000000e4 <__do_clear_bss>:
      e4:	21 e0       	ldi	r18, 0x01	; 1
      e6:	a2 e0       	ldi	r26, 0x02	; 2
      e8:	b1 e0       	ldi	r27, 0x01	; 1
      ea:	01 c0       	rjmp	.+2      	; 0xee <.do_clear_bss_start>

000000ec <.do_clear_bss_loop>:
      ec:	1d 92       	st	X+, r1

000000ee <.do_clear_bss_start>:
      ee:	ad 30       	cpi	r26, 0x0D	; 13
      f0:	b2 07       	cpc	r27, r18
      f2:	e1 f7       	brne	.-8      	; 0xec <.do_clear_bss_loop>
      f4:	0e 94 11 01 	call	0x222	; 0x222 <main>
      f8:	0c 94 4e 0a 	jmp	0x149c	; 0x149c <_exit>

000000fc <__bad_interrupt>:
      fc:	0c 94 00 00 	jmp	0	; 0x0 <__vectors>

00000100 <setup>:
	}
}
/****************************************/
// NON-Interrupt subroutines
void setup()
{
     100:	8f 92       	push	r8
     102:	af 92       	push	r10
     104:	cf 92       	push	r12
     106:	ef 92       	push	r14
     108:	0f 93       	push	r16
     10a:	cf 93       	push	r28
	//Sin prescaler, 16MHz
	CLKPR = 0x00;
     10c:	10 92 61 00 	sts	0x0061, r1	; 0x800061 <__TEXT_REGION_LENGTH__+0x7f8061>
	initADC(AVCC, izquierda, 7, activado, activado, 16, free_running);
     110:	c1 2c       	mov	r12, r1
     112:	68 94       	set
     114:	ee 24       	eor	r14, r14
     116:	e4 f8       	bld	r14, 4
     118:	01 e0       	ldi	r16, 0x01	; 1
     11a:	21 e0       	ldi	r18, 0x01	; 1
     11c:	47 e0       	ldi	r20, 0x07	; 7
     11e:	60 e0       	ldi	r22, 0x00	; 0
     120:	81 e0       	ldi	r24, 0x01	; 1
     122:	0e 94 07 03 	call	0x60e	; 0x60e <initADC>
	ICR1 = 39999;
     126:	8f e3       	ldi	r24, 0x3F	; 63
     128:	9c e9       	ldi	r25, 0x9C	; 156
     12a:	90 93 87 00 	sts	0x0087, r25	; 0x800087 <__TEXT_REGION_LENGTH__+0x7f8087>
     12e:	80 93 86 00 	sts	0x0086, r24	; 0x800086 <__TEXT_REGION_LENGTH__+0x7f8086>
	DDRC = 0x00;
     132:	17 b8       	out	0x07, r1	; 7
	DDRD |= (1<<DDD2)|(1<<DDD3);
     134:	8a b1       	in	r24, 0x0a	; 10
     136:	8c 60       	ori	r24, 0x0C	; 12
     138:	8a b9       	out	0x0a, r24	; 10
	PINC = (1<<PINC0);
     13a:	c1 e0       	ldi	r28, 0x01	; 1
     13c:	c6 b9       	out	0x06, r28	; 6
	ADCSRA |=(1<<ADSC);
     13e:	ea e7       	ldi	r30, 0x7A	; 122
     140:	f0 e0       	ldi	r31, 0x00	; 0
     142:	80 81       	ld	r24, Z
     144:	80 64       	ori	r24, 0x40	; 64
     146:	80 83       	st	Z, r24
	PWM0A(fast, 1024, no_invertido);
     148:	41 e0       	ldi	r20, 0x01	; 1
     14a:	60 e0       	ldi	r22, 0x00	; 0
     14c:	74 e0       	ldi	r23, 0x04	; 4
     14e:	81 e0       	ldi	r24, 0x01	; 1
     150:	0e 94 94 04 	call	0x928	; 0x928 <PWM0A>
	PWM0B(fast, 1024, no_invertido);
     154:	41 e0       	ldi	r20, 0x01	; 1
     156:	60 e0       	ldi	r22, 0x00	; 0
     158:	74 e0       	ldi	r23, 0x04	; 4
     15a:	81 e0       	ldi	r24, 0x01	; 1
     15c:	0e 94 e8 04 	call	0x9d0	; 0x9d0 <PWM0B>
	PWM1A(fast_I, 8, no_invertido);
     160:	41 e0       	ldi	r20, 0x01	; 1
     162:	68 e0       	ldi	r22, 0x08	; 8
     164:	70 e0       	ldi	r23, 0x00	; 0
     166:	8b e0       	ldi	r24, 0x0B	; 11
     168:	0e 94 3c 05 	call	0xa78	; 0xa78 <PWM1A>
	PWM1B(fast_I, 8, no_invertido);
     16c:	41 e0       	ldi	r20, 0x01	; 1
     16e:	68 e0       	ldi	r22, 0x08	; 8
     170:	70 e0       	ldi	r23, 0x00	; 0
     172:	8b e0       	ldi	r24, 0x0B	; 11
     174:	0e 94 5a 06 	call	0xcb4	; 0xcb4 <PWM1B>
	initUART(simple, single, desactivado, activado, desactivado, activado, activado, 8, asincrono, desactivado, 1, desactivado, 416);
     178:	cf 93       	push	r28
     17a:	80 ea       	ldi	r24, 0xA0	; 160
     17c:	8f 93       	push	r24
     17e:	1f 92       	push	r1
     180:	cf 93       	push	r28
     182:	1f 92       	push	r1
     184:	88 24       	eor	r8, r8
     186:	83 94       	inc	r8
     188:	68 94       	set
     18a:	aa 24       	eor	r10, r10
     18c:	a3 f8       	bld	r10, 3
     18e:	cc 24       	eor	r12, r12
     190:	c3 94       	inc	r12
     192:	ee 24       	eor	r14, r14
     194:	e3 94       	inc	r14
     196:	00 e0       	ldi	r16, 0x00	; 0
     198:	21 e0       	ldi	r18, 0x01	; 1
     19a:	40 e0       	ldi	r20, 0x00	; 0
     19c:	60 e0       	ldi	r22, 0x00	; 0
     19e:	80 e0       	ldi	r24, 0x00	; 0
     1a0:	0e 94 78 07 	call	0xef0	; 0xef0 <initUART>
	PCICR = (1<<PCIE1);
     1a4:	82 e0       	ldi	r24, 0x02	; 2
     1a6:	80 93 68 00 	sts	0x0068, r24	; 0x800068 <__TEXT_REGION_LENGTH__+0x7f8068>
	PCMSK1 = (1<<PCINT8)|(1<<PCINT9);
     1aa:	83 e0       	ldi	r24, 0x03	; 3
     1ac:	80 93 6c 00 	sts	0x006C, r24	; 0x80006c <__TEXT_REGION_LENGTH__+0x7f806c>
	EEPROMWrite(0x010, 0x0F);
     1b0:	6f e0       	ldi	r22, 0x0F	; 15
     1b2:	80 e1       	ldi	r24, 0x10	; 16
     1b4:	90 e0       	ldi	r25, 0x00	; 0
     1b6:	0e 94 7d 04 	call	0x8fa	; 0x8fa <EEPROMWrite>
	EEPROMWrite(0x011, 0xA0);	//90°
     1ba:	60 ea       	ldi	r22, 0xA0	; 160
     1bc:	81 e1       	ldi	r24, 0x11	; 17
     1be:	90 e0       	ldi	r25, 0x00	; 0
     1c0:	0e 94 7d 04 	call	0x8fa	; 0x8fa <EEPROMWrite>
	EEPROMWrite(0x012, 0x00);	
     1c4:	60 e0       	ldi	r22, 0x00	; 0
     1c6:	82 e1       	ldi	r24, 0x12	; 18
     1c8:	90 e0       	ldi	r25, 0x00	; 0
     1ca:	0e 94 7d 04 	call	0x8fa	; 0x8fa <EEPROMWrite>
	EEPROMWrite(0x013, 0xFF);
     1ce:	6f ef       	ldi	r22, 0xFF	; 255
     1d0:	83 e1       	ldi	r24, 0x13	; 19
     1d2:	90 e0       	ldi	r25, 0x00	; 0
     1d4:	0e 94 7d 04 	call	0x8fa	; 0x8fa <EEPROMWrite>
	EEPROMWrite(0x014, 0x0A);
     1d8:	6a e0       	ldi	r22, 0x0A	; 10
     1da:	84 e1       	ldi	r24, 0x14	; 20
     1dc:	90 e0       	ldi	r25, 0x00	; 0
     1de:	0e 94 7d 04 	call	0x8fa	; 0x8fa <EEPROMWrite>
	EEPROMWrite(0x015, 0x28);	//30°
     1e2:	68 e2       	ldi	r22, 0x28	; 40
     1e4:	85 e1       	ldi	r24, 0x15	; 21
     1e6:	90 e0       	ldi	r25, 0x00	; 0
     1e8:	0e 94 7d 04 	call	0x8fa	; 0x8fa <EEPROMWrite>
	EEPROMWrite(0x016, 0x07);
     1ec:	67 e0       	ldi	r22, 0x07	; 7
     1ee:	86 e1       	ldi	r24, 0x16	; 22
     1f0:	90 e0       	ldi	r25, 0x00	; 0
     1f2:	0e 94 7d 04 	call	0x8fa	; 0x8fa <EEPROMWrite>
	EEPROMWrite(0x017, 0xD0);	//0°
     1f6:	60 ed       	ldi	r22, 0xD0	; 208
     1f8:	87 e1       	ldi	r24, 0x17	; 23
     1fa:	90 e0       	ldi	r25, 0x00	; 0
     1fc:	0e 94 7d 04 	call	0x8fa	; 0x8fa <EEPROMWrite>
	EEPROMWrite(0X018, 0x80);
     200:	60 e8       	ldi	r22, 0x80	; 128
     202:	88 e1       	ldi	r24, 0x18	; 24
     204:	90 e0       	ldi	r25, 0x00	; 0
     206:	0e 94 7d 04 	call	0x8fa	; 0x8fa <EEPROMWrite>
}
     20a:	0f 90       	pop	r0
     20c:	0f 90       	pop	r0
     20e:	0f 90       	pop	r0
     210:	0f 90       	pop	r0
     212:	0f 90       	pop	r0
     214:	cf 91       	pop	r28
     216:	0f 91       	pop	r16
     218:	ef 90       	pop	r14
     21a:	cf 90       	pop	r12
     21c:	af 90       	pop	r10
     21e:	8f 90       	pop	r8
     220:	08 95       	ret

00000222 <main>:
/****************************************/
// Main Function
int main(void)
{
	
	cli();
     222:	f8 94       	cli
	setup();
     224:	0e 94 80 00 	call	0x100	; 0x100 <setup>
	sei();
     228:	78 94       	sei
	while (1)
	{
		switch (modo)
     22a:	80 91 02 01 	lds	r24, 0x0102	; 0x800102 <__data_end>
     22e:	81 30       	cpi	r24, 0x01	; 1
     230:	09 f4       	brne	.+2      	; 0x234 <main+0x12>
     232:	5b c0       	rjmp	.+182    	; 0x2ea <main+0xc8>
     234:	20 f0       	brcs	.+8      	; 0x23e <main+0x1c>
     236:	82 30       	cpi	r24, 0x02	; 2
     238:	09 f4       	brne	.+2      	; 0x23c <main+0x1a>
     23a:	02 c1       	rjmp	.+516    	; 0x440 <__EEPROM_REGION_LENGTH__+0x40>
     23c:	f6 cf       	rjmp	.-20     	; 0x22a <main+0x8>
		{
			case control_ADC:
			UCSR0B &= ~(1<<TXCIE0);
     23e:	e1 ec       	ldi	r30, 0xC1	; 193
     240:	f0 e0       	ldi	r31, 0x00	; 0
     242:	80 81       	ld	r24, Z
     244:	8f 7b       	andi	r24, 0xBF	; 191
     246:	80 83       	st	Z, r24
			PORTB &= ~((1<<PORTB3)|(1<<PORTB4));
     248:	85 b1       	in	r24, 0x05	; 5
     24a:	87 7e       	andi	r24, 0xE7	; 231
     24c:	85 b9       	out	0x05, r24	; 5
			PORTB |= (1<<PORTB3);
     24e:	85 b1       	in	r24, 0x05	; 5
     250:	88 60       	ori	r24, 0x08	; 8
     252:	85 b9       	out	0x05, r24	; 5
			OCR1A = (2000+(7.843*Lect_ADC_1));
     254:	60 91 03 01 	lds	r22, 0x0103	; 0x800103 <Lect_ADC_1>
     258:	70 e0       	ldi	r23, 0x00	; 0
     25a:	80 e0       	ldi	r24, 0x00	; 0
     25c:	90 e0       	ldi	r25, 0x00	; 0
     25e:	0e 94 4f 09 	call	0x129e	; 0x129e <__floatsisf>
     262:	2b ed       	ldi	r18, 0xDB	; 219
     264:	39 ef       	ldi	r19, 0xF9	; 249
     266:	4a ef       	ldi	r20, 0xFA	; 250
     268:	50 e4       	ldi	r21, 0x40	; 64
     26a:	0e 94 db 09 	call	0x13b6	; 0x13b6 <__mulsf3>
     26e:	20 e0       	ldi	r18, 0x00	; 0
     270:	30 e0       	ldi	r19, 0x00	; 0
     272:	4a ef       	ldi	r20, 0xFA	; 250
     274:	54 e4       	ldi	r21, 0x44	; 68
     276:	0e 94 b2 08 	call	0x1164	; 0x1164 <__addsf3>
     27a:	0e 94 1e 09 	call	0x123c	; 0x123c <__fixunssfsi>
     27e:	70 93 89 00 	sts	0x0089, r23	; 0x800089 <__TEXT_REGION_LENGTH__+0x7f8089>
     282:	60 93 88 00 	sts	0x0088, r22	; 0x800088 <__TEXT_REGION_LENGTH__+0x7f8088>
			OCR1B = (2000+(7.843*Lect_ADC_2));
     286:	60 91 05 01 	lds	r22, 0x0105	; 0x800105 <Lect_ADC_2>
     28a:	70 e0       	ldi	r23, 0x00	; 0
     28c:	80 e0       	ldi	r24, 0x00	; 0
     28e:	90 e0       	ldi	r25, 0x00	; 0
     290:	0e 94 4f 09 	call	0x129e	; 0x129e <__floatsisf>
     294:	2b ed       	ldi	r18, 0xDB	; 219
     296:	39 ef       	ldi	r19, 0xF9	; 249
     298:	4a ef       	ldi	r20, 0xFA	; 250
     29a:	50 e4       	ldi	r21, 0x40	; 64
     29c:	0e 94 db 09 	call	0x13b6	; 0x13b6 <__mulsf3>
     2a0:	20 e0       	ldi	r18, 0x00	; 0
     2a2:	30 e0       	ldi	r19, 0x00	; 0
     2a4:	4a ef       	ldi	r20, 0xFA	; 250
     2a6:	54 e4       	ldi	r21, 0x44	; 68
     2a8:	0e 94 b2 08 	call	0x1164	; 0x1164 <__addsf3>
     2ac:	0e 94 1e 09 	call	0x123c	; 0x123c <__fixunssfsi>
     2b0:	70 93 8b 00 	sts	0x008B, r23	; 0x80008b <__TEXT_REGION_LENGTH__+0x7f808b>
     2b4:	60 93 8a 00 	sts	0x008A, r22	; 0x80008a <__TEXT_REGION_LENGTH__+0x7f808a>
			OCR0A = Lect_ADC_3;
     2b8:	80 91 0c 01 	lds	r24, 0x010C	; 0x80010c <Lect_ADC_3>
     2bc:	87 bd       	out	0x27, r24	; 39
			OCR0B = Lect_ADC_4;
     2be:	80 91 09 01 	lds	r24, 0x0109	; 0x800109 <Lect_ADC_4>
     2c2:	88 bd       	out	0x28, r24	; 40
			PORTD &= ~((1<<PORTD2)|(1<<PORTD3));
     2c4:	8b b1       	in	r24, 0x0b	; 11
     2c6:	83 7f       	andi	r24, 0xF3	; 243
     2c8:	8b b9       	out	0x0b, r24	; 11
			PORTD |= (1 << (direccion + 2));
     2ca:	4b b1       	in	r20, 0x0b	; 11
     2cc:	20 91 04 01 	lds	r18, 0x0104	; 0x800104 <direccion>
     2d0:	30 e0       	ldi	r19, 0x00	; 0
     2d2:	2e 5f       	subi	r18, 0xFE	; 254
     2d4:	3f 4f       	sbci	r19, 0xFF	; 255
     2d6:	81 e0       	ldi	r24, 0x01	; 1
     2d8:	90 e0       	ldi	r25, 0x00	; 0
     2da:	02 c0       	rjmp	.+4      	; 0x2e0 <main+0xbe>
     2dc:	88 0f       	add	r24, r24
     2de:	99 1f       	adc	r25, r25
     2e0:	2a 95       	dec	r18
     2e2:	e2 f7       	brpl	.-8      	; 0x2dc <main+0xba>
     2e4:	84 2b       	or	r24, r20
     2e6:	8b b9       	out	0x0b, r24	; 11
			break;
     2e8:	a0 cf       	rjmp	.-192    	; 0x22a <main+0x8>
			case control_EEPROM:
			UCSR0B |= (1<<TXCIE0);
     2ea:	e1 ec       	ldi	r30, 0xC1	; 193
     2ec:	f0 e0       	ldi	r31, 0x00	; 0
     2ee:	80 81       	ld	r24, Z
     2f0:	80 64       	ori	r24, 0x40	; 64
     2f2:	80 83       	st	Z, r24
			PORTB &= ~((1<<PORTB3)|(1<<PORTB4));
     2f4:	85 b1       	in	r24, 0x05	; 5
     2f6:	87 7e       	andi	r24, 0xE7	; 231
     2f8:	85 b9       	out	0x05, r24	; 5
			PORTB |= (1<<PORTB4);
     2fa:	85 b1       	in	r24, 0x05	; 5
     2fc:	80 61       	ori	r24, 0x10	; 16
     2fe:	85 b9       	out	0x05, r24	; 5
			if (MOTOR == 5)
     300:	80 91 08 01 	lds	r24, 0x0108	; 0x800108 <MOTOR>
     304:	85 30       	cpi	r24, 0x05	; 5
     306:	09 f0       	breq	.+2      	; 0x30a <main+0xe8>
     308:	90 cf       	rjmp	.-224    	; 0x22a <main+0x8>
			{
				switch (UART_VAL)
     30a:	80 91 0b 01 	lds	r24, 0x010B	; 0x80010b <UART_VAL>
     30e:	88 30       	cpi	r24, 0x08	; 8
     310:	71 f1       	breq	.+92     	; 0x36e <main+0x14c>
     312:	18 f4       	brcc	.+6      	; 0x31a <main+0xf8>
     314:	84 30       	cpi	r24, 0x04	; 4
     316:	41 f0       	breq	.+16     	; 0x328 <main+0x106>
     318:	88 cf       	rjmp	.-240    	; 0x22a <main+0x8>
     31a:	80 31       	cpi	r24, 0x10	; 16
     31c:	09 f4       	brne	.+2      	; 0x320 <main+0xfe>
     31e:	4a c0       	rjmp	.+148    	; 0x3b4 <main+0x192>
     320:	80 32       	cpi	r24, 0x20	; 32
     322:	09 f4       	brne	.+2      	; 0x326 <main+0x104>
     324:	6a c0       	rjmp	.+212    	; 0x3fa <main+0x1d8>
     326:	81 cf       	rjmp	.-254    	; 0x22a <main+0x8>
				{
					case 4:
						OCR1AH = EEPROMRead(0x010);
     328:	80 e1       	ldi	r24, 0x10	; 16
     32a:	90 e0       	ldi	r25, 0x00	; 0
     32c:	0e 94 8b 04 	call	0x916	; 0x916 <EEPROMRead>
     330:	80 93 89 00 	sts	0x0089, r24	; 0x800089 <__TEXT_REGION_LENGTH__+0x7f8089>
						OCR1AL = EEPROMRead(0x011);
     334:	81 e1       	ldi	r24, 0x11	; 17
     336:	90 e0       	ldi	r25, 0x00	; 0
     338:	0e 94 8b 04 	call	0x916	; 0x916 <EEPROMRead>
     33c:	80 93 88 00 	sts	0x0088, r24	; 0x800088 <__TEXT_REGION_LENGTH__+0x7f8088>
						OCR1BH = EEPROMRead(0x016);
     340:	86 e1       	ldi	r24, 0x16	; 22
     342:	90 e0       	ldi	r25, 0x00	; 0
     344:	0e 94 8b 04 	call	0x916	; 0x916 <EEPROMRead>
     348:	80 93 8b 00 	sts	0x008B, r24	; 0x80008b <__TEXT_REGION_LENGTH__+0x7f808b>
						OCR1BL = EEPROMRead(0x017);
     34c:	87 e1       	ldi	r24, 0x17	; 23
     34e:	90 e0       	ldi	r25, 0x00	; 0
     350:	0e 94 8b 04 	call	0x916	; 0x916 <EEPROMRead>
     354:	80 93 8a 00 	sts	0x008A, r24	; 0x80008a <__TEXT_REGION_LENGTH__+0x7f808a>
						OCR0A  = EEPROMRead(0x012);
     358:	82 e1       	ldi	r24, 0x12	; 18
     35a:	90 e0       	ldi	r25, 0x00	; 0
     35c:	0e 94 8b 04 	call	0x916	; 0x916 <EEPROMRead>
     360:	87 bd       	out	0x27, r24	; 39
						OCR0B  = EEPROMRead(0x012);
     362:	82 e1       	ldi	r24, 0x12	; 18
     364:	90 e0       	ldi	r25, 0x00	; 0
     366:	0e 94 8b 04 	call	0x916	; 0x916 <EEPROMRead>
     36a:	88 bd       	out	0x28, r24	; 40
					break;
     36c:	5e cf       	rjmp	.-324    	; 0x22a <main+0x8>
					case 8:
						OCR1AH = EEPROMRead(0x014);
     36e:	84 e1       	ldi	r24, 0x14	; 20
     370:	90 e0       	ldi	r25, 0x00	; 0
     372:	0e 94 8b 04 	call	0x916	; 0x916 <EEPROMRead>
     376:	80 93 89 00 	sts	0x0089, r24	; 0x800089 <__TEXT_REGION_LENGTH__+0x7f8089>
						OCR1AL = EEPROMRead(0x015);
     37a:	85 e1       	ldi	r24, 0x15	; 21
     37c:	90 e0       	ldi	r25, 0x00	; 0
     37e:	0e 94 8b 04 	call	0x916	; 0x916 <EEPROMRead>
     382:	80 93 88 00 	sts	0x0088, r24	; 0x800088 <__TEXT_REGION_LENGTH__+0x7f8088>
						OCR1BH = EEPROMRead(0x010);
     386:	80 e1       	ldi	r24, 0x10	; 16
     388:	90 e0       	ldi	r25, 0x00	; 0
     38a:	0e 94 8b 04 	call	0x916	; 0x916 <EEPROMRead>
     38e:	80 93 8b 00 	sts	0x008B, r24	; 0x80008b <__TEXT_REGION_LENGTH__+0x7f808b>
						OCR1BL = EEPROMRead(0x011);
     392:	81 e1       	ldi	r24, 0x11	; 17
     394:	90 e0       	ldi	r25, 0x00	; 0
     396:	0e 94 8b 04 	call	0x916	; 0x916 <EEPROMRead>
     39a:	80 93 8a 00 	sts	0x008A, r24	; 0x80008a <__TEXT_REGION_LENGTH__+0x7f808a>
						OCR0A  = EEPROMRead(0x012);
     39e:	82 e1       	ldi	r24, 0x12	; 18
     3a0:	90 e0       	ldi	r25, 0x00	; 0
     3a2:	0e 94 8b 04 	call	0x916	; 0x916 <EEPROMRead>
     3a6:	87 bd       	out	0x27, r24	; 39
						OCR0B  = EEPROMRead(0x012);
     3a8:	82 e1       	ldi	r24, 0x12	; 18
     3aa:	90 e0       	ldi	r25, 0x00	; 0
     3ac:	0e 94 8b 04 	call	0x916	; 0x916 <EEPROMRead>
     3b0:	88 bd       	out	0x28, r24	; 40
					break;
     3b2:	3b cf       	rjmp	.-394    	; 0x22a <main+0x8>
					case 16:
						OCR1AH = EEPROMRead(0x010);
     3b4:	80 e1       	ldi	r24, 0x10	; 16
     3b6:	90 e0       	ldi	r25, 0x00	; 0
     3b8:	0e 94 8b 04 	call	0x916	; 0x916 <EEPROMRead>
     3bc:	80 93 89 00 	sts	0x0089, r24	; 0x800089 <__TEXT_REGION_LENGTH__+0x7f8089>
						OCR1AL = EEPROMRead(0x011);
     3c0:	81 e1       	ldi	r24, 0x11	; 17
     3c2:	90 e0       	ldi	r25, 0x00	; 0
     3c4:	0e 94 8b 04 	call	0x916	; 0x916 <EEPROMRead>
     3c8:	80 93 88 00 	sts	0x0088, r24	; 0x800088 <__TEXT_REGION_LENGTH__+0x7f8088>
						OCR1BH = EEPROMRead(0x016);
     3cc:	86 e1       	ldi	r24, 0x16	; 22
     3ce:	90 e0       	ldi	r25, 0x00	; 0
     3d0:	0e 94 8b 04 	call	0x916	; 0x916 <EEPROMRead>
     3d4:	80 93 8b 00 	sts	0x008B, r24	; 0x80008b <__TEXT_REGION_LENGTH__+0x7f808b>
						OCR1BL = EEPROMRead(0x017);
     3d8:	87 e1       	ldi	r24, 0x17	; 23
     3da:	90 e0       	ldi	r25, 0x00	; 0
     3dc:	0e 94 8b 04 	call	0x916	; 0x916 <EEPROMRead>
     3e0:	80 93 8a 00 	sts	0x008A, r24	; 0x80008a <__TEXT_REGION_LENGTH__+0x7f808a>
						OCR0A  = EEPROMRead(0x013);
     3e4:	83 e1       	ldi	r24, 0x13	; 19
     3e6:	90 e0       	ldi	r25, 0x00	; 0
     3e8:	0e 94 8b 04 	call	0x916	; 0x916 <EEPROMRead>
     3ec:	87 bd       	out	0x27, r24	; 39
						OCR0B  = EEPROMRead(0x018);
     3ee:	88 e1       	ldi	r24, 0x18	; 24
     3f0:	90 e0       	ldi	r25, 0x00	; 0
     3f2:	0e 94 8b 04 	call	0x916	; 0x916 <EEPROMRead>
     3f6:	88 bd       	out	0x28, r24	; 40
					break;
     3f8:	18 cf       	rjmp	.-464    	; 0x22a <main+0x8>
					case 32:
						OCR1AH = EEPROMRead(0x010);
     3fa:	80 e1       	ldi	r24, 0x10	; 16
     3fc:	90 e0       	ldi	r25, 0x00	; 0
     3fe:	0e 94 8b 04 	call	0x916	; 0x916 <EEPROMRead>
     402:	80 93 89 00 	sts	0x0089, r24	; 0x800089 <__TEXT_REGION_LENGTH__+0x7f8089>
						OCR1AL = EEPROMRead(0x011);
     406:	81 e1       	ldi	r24, 0x11	; 17
     408:	90 e0       	ldi	r25, 0x00	; 0
     40a:	0e 94 8b 04 	call	0x916	; 0x916 <EEPROMRead>
     40e:	80 93 88 00 	sts	0x0088, r24	; 0x800088 <__TEXT_REGION_LENGTH__+0x7f8088>
						OCR1BH = EEPROMRead(0x016);
     412:	86 e1       	ldi	r24, 0x16	; 22
     414:	90 e0       	ldi	r25, 0x00	; 0
     416:	0e 94 8b 04 	call	0x916	; 0x916 <EEPROMRead>
     41a:	80 93 8b 00 	sts	0x008B, r24	; 0x80008b <__TEXT_REGION_LENGTH__+0x7f808b>
						OCR1BL = EEPROMRead(0x017);
     41e:	87 e1       	ldi	r24, 0x17	; 23
     420:	90 e0       	ldi	r25, 0x00	; 0
     422:	0e 94 8b 04 	call	0x916	; 0x916 <EEPROMRead>
     426:	80 93 8a 00 	sts	0x008A, r24	; 0x80008a <__TEXT_REGION_LENGTH__+0x7f808a>
						OCR0A  = EEPROMRead(0x018);
     42a:	88 e1       	ldi	r24, 0x18	; 24
     42c:	90 e0       	ldi	r25, 0x00	; 0
     42e:	0e 94 8b 04 	call	0x916	; 0x916 <EEPROMRead>
     432:	87 bd       	out	0x27, r24	; 39
						OCR0B  = EEPROMRead(0x013);
     434:	83 e1       	ldi	r24, 0x13	; 19
     436:	90 e0       	ldi	r25, 0x00	; 0
     438:	0e 94 8b 04 	call	0x916	; 0x916 <EEPROMRead>
     43c:	88 bd       	out	0x28, r24	; 40
					break;
     43e:	f5 ce       	rjmp	.-534    	; 0x22a <main+0x8>
				}
			}
			break;
			case control_SERIAL:
			UCSR0B |= (1<<TXCIE0);
     440:	e1 ec       	ldi	r30, 0xC1	; 193
     442:	f0 e0       	ldi	r31, 0x00	; 0
     444:	80 81       	ld	r24, Z
     446:	80 64       	ori	r24, 0x40	; 64
     448:	80 83       	st	Z, r24
			PORTB &= ~((1<<PORTB3)|(1<<PORTB4));
     44a:	85 b1       	in	r24, 0x05	; 5
     44c:	87 7e       	andi	r24, 0xE7	; 231
     44e:	85 b9       	out	0x05, r24	; 5
			PORTB |= (1<<PORTB3)|(1<<PORTB4);
     450:	85 b1       	in	r24, 0x05	; 5
     452:	88 61       	ori	r24, 0x18	; 24
     454:	85 b9       	out	0x05, r24	; 5
			switch (MOTOR)
     456:	80 91 08 01 	lds	r24, 0x0108	; 0x800108 <MOTOR>
     45a:	82 30       	cpi	r24, 0x02	; 2
     45c:	b1 f0       	breq	.+44     	; 0x48a <__EEPROM_REGION_LENGTH__+0x8a>
     45e:	18 f4       	brcc	.+6      	; 0x466 <__EEPROM_REGION_LENGTH__+0x66>
     460:	81 30       	cpi	r24, 0x01	; 1
     462:	31 f0       	breq	.+12     	; 0x470 <__EEPROM_REGION_LENGTH__+0x70>
     464:	e2 ce       	rjmp	.-572    	; 0x22a <main+0x8>
     466:	83 30       	cpi	r24, 0x03	; 3
     468:	e9 f0       	breq	.+58     	; 0x4a4 <__EEPROM_REGION_LENGTH__+0xa4>
     46a:	84 30       	cpi	r24, 0x04	; 4
     46c:	f9 f0       	breq	.+62     	; 0x4ac <__EEPROM_REGION_LENGTH__+0xac>
     46e:	dd ce       	rjmp	.-582    	; 0x22a <main+0x8>
			{
				case 1:
				OCR1A = ((UART_VAL*11)+2000);
     470:	80 91 0b 01 	lds	r24, 0x010B	; 0x80010b <UART_VAL>
     474:	2b e0       	ldi	r18, 0x0B	; 11
     476:	82 9f       	mul	r24, r18
     478:	c0 01       	movw	r24, r0
     47a:	11 24       	eor	r1, r1
     47c:	80 53       	subi	r24, 0x30	; 48
     47e:	98 4f       	sbci	r25, 0xF8	; 248
     480:	90 93 89 00 	sts	0x0089, r25	; 0x800089 <__TEXT_REGION_LENGTH__+0x7f8089>
     484:	80 93 88 00 	sts	0x0088, r24	; 0x800088 <__TEXT_REGION_LENGTH__+0x7f8088>
				break;
     488:	d0 ce       	rjmp	.-608    	; 0x22a <main+0x8>
				case 2:
				OCR1B = ((UART_VAL*11)+2000);
     48a:	80 91 0b 01 	lds	r24, 0x010B	; 0x80010b <UART_VAL>
     48e:	2b e0       	ldi	r18, 0x0B	; 11
     490:	82 9f       	mul	r24, r18
     492:	c0 01       	movw	r24, r0
     494:	11 24       	eor	r1, r1
     496:	80 53       	subi	r24, 0x30	; 48
     498:	98 4f       	sbci	r25, 0xF8	; 248
     49a:	90 93 8b 00 	sts	0x008B, r25	; 0x80008b <__TEXT_REGION_LENGTH__+0x7f808b>
     49e:	80 93 8a 00 	sts	0x008A, r24	; 0x80008a <__TEXT_REGION_LENGTH__+0x7f808a>
				break;
     4a2:	c3 ce       	rjmp	.-634    	; 0x22a <main+0x8>
				case 3:
				OCR0A = UART_VAL;
     4a4:	80 91 0b 01 	lds	r24, 0x010B	; 0x80010b <UART_VAL>
     4a8:	87 bd       	out	0x27, r24	; 39
				break;
     4aa:	bf ce       	rjmp	.-642    	; 0x22a <main+0x8>
				case 4:
				OCR0A = UART_VAL;
     4ac:	80 91 0b 01 	lds	r24, 0x010B	; 0x80010b <UART_VAL>
     4b0:	87 bd       	out	0x27, r24	; 39
				break;
     4b2:	bb ce       	rjmp	.-650    	; 0x22a <main+0x8>

000004b4 <__vector_21>:
	EEPROMWrite(0X018, 0x80);
}
/****************************************/
// Interrupt routines
ISR(ADC_vect)
{
     4b4:	1f 92       	push	r1
     4b6:	0f 92       	push	r0
     4b8:	0f b6       	in	r0, 0x3f	; 63
     4ba:	0f 92       	push	r0
     4bc:	11 24       	eor	r1, r1
     4be:	8f 93       	push	r24
     4c0:	ef 93       	push	r30
     4c2:	ff 93       	push	r31
	if (wait!=2)
     4c4:	80 91 07 01 	lds	r24, 0x0107	; 0x800107 <wait>
     4c8:	82 30       	cpi	r24, 0x02	; 2
     4ca:	31 f0       	breq	.+12     	; 0x4d8 <__vector_21+0x24>
	{
		wait++;
     4cc:	80 91 07 01 	lds	r24, 0x0107	; 0x800107 <wait>
     4d0:	8f 5f       	subi	r24, 0xFF	; 255
     4d2:	80 93 07 01 	sts	0x0107, r24	; 0x800107 <wait>
		return;
     4d6:	4a c0       	rjmp	.+148    	; 0x56c <__vector_21+0xb8>
	}
	switch (ADC_FLAG)
     4d8:	80 91 06 01 	lds	r24, 0x0106	; 0x800106 <ADC_FLAG>
     4dc:	81 30       	cpi	r24, 0x01	; 1
     4de:	99 f0       	breq	.+38     	; 0x506 <__vector_21+0x52>
     4e0:	28 f0       	brcs	.+10     	; 0x4ec <__vector_21+0x38>
     4e2:	82 30       	cpi	r24, 0x02	; 2
     4e4:	e9 f0       	breq	.+58     	; 0x520 <__vector_21+0x6c>
     4e6:	83 30       	cpi	r24, 0x03	; 3
     4e8:	41 f1       	breq	.+80     	; 0x53a <__vector_21+0x86>
     4ea:	33 c0       	rjmp	.+102    	; 0x552 <__vector_21+0x9e>
	{
		case 0:
		Lect_ADC_1 = ADCH; //Guarda la lectura
     4ec:	80 91 79 00 	lds	r24, 0x0079	; 0x800079 <__TEXT_REGION_LENGTH__+0x7f8079>
     4f0:	80 93 03 01 	sts	0x0103, r24	; 0x800103 <Lect_ADC_1>
		ADMUX &= ~((1<<MUX2) | (1<<MUX1) | (1<<MUX0)); //Apaga el MUX
     4f4:	ec e7       	ldi	r30, 0x7C	; 124
     4f6:	f0 e0       	ldi	r31, 0x00	; 0
     4f8:	80 81       	ld	r24, Z
     4fa:	88 7f       	andi	r24, 0xF8	; 248
     4fc:	80 83       	st	Z, r24
		ADMUX |= (1<<MUX2) | (1<<MUX1);		//MUX 6
     4fe:	80 81       	ld	r24, Z
     500:	86 60       	ori	r24, 0x06	; 6
     502:	80 83       	st	Z, r24
		break;
     504:	26 c0       	rjmp	.+76     	; 0x552 <__vector_21+0x9e>
		case 1:
		Lect_ADC_2 = ADCH;
     506:	80 91 79 00 	lds	r24, 0x0079	; 0x800079 <__TEXT_REGION_LENGTH__+0x7f8079>
     50a:	80 93 05 01 	sts	0x0105, r24	; 0x800105 <Lect_ADC_2>
		ADMUX &= ~((1<<MUX2) | (1<<MUX1) | (1<<MUX0)); //Apaga el MUX
     50e:	ec e7       	ldi	r30, 0x7C	; 124
     510:	f0 e0       	ldi	r31, 0x00	; 0
     512:	80 81       	ld	r24, Z
     514:	88 7f       	andi	r24, 0xF8	; 248
     516:	80 83       	st	Z, r24
		ADMUX |= (1<<MUX2) | (1<<MUX0);		//MUX 5
     518:	80 81       	ld	r24, Z
     51a:	85 60       	ori	r24, 0x05	; 5
     51c:	80 83       	st	Z, r24
		break;
     51e:	19 c0       	rjmp	.+50     	; 0x552 <__vector_21+0x9e>
		case 2:
		Lect_ADC_3 = ADCH;
     520:	80 91 79 00 	lds	r24, 0x0079	; 0x800079 <__TEXT_REGION_LENGTH__+0x7f8079>
     524:	80 93 0c 01 	sts	0x010C, r24	; 0x80010c <Lect_ADC_3>
		ADMUX &= ~((1<<MUX2) | (1<<MUX1) | (1<<MUX0)); //Apaga el MUX
     528:	ec e7       	ldi	r30, 0x7C	; 124
     52a:	f0 e0       	ldi	r31, 0x00	; 0
     52c:	80 81       	ld	r24, Z
     52e:	88 7f       	andi	r24, 0xF8	; 248
     530:	80 83       	st	Z, r24
		ADMUX |= (1<<MUX2);					//MUX 4
     532:	80 81       	ld	r24, Z
     534:	84 60       	ori	r24, 0x04	; 4
     536:	80 83       	st	Z, r24
		break;
     538:	0c c0       	rjmp	.+24     	; 0x552 <__vector_21+0x9e>
		case 3:
		Lect_ADC_4 = ADCH;
     53a:	80 91 79 00 	lds	r24, 0x0079	; 0x800079 <__TEXT_REGION_LENGTH__+0x7f8079>
     53e:	80 93 09 01 	sts	0x0109, r24	; 0x800109 <Lect_ADC_4>
		ADMUX &= ~((1<<MUX2) | (1<<MUX1) | (1<<MUX0)); //Apaga el MUX
     542:	ec e7       	ldi	r30, 0x7C	; 124
     544:	f0 e0       	ldi	r31, 0x00	; 0
     546:	80 81       	ld	r24, Z
     548:	88 7f       	andi	r24, 0xF8	; 248
     54a:	80 83       	st	Z, r24
		ADMUX |= (1<<MUX2)	| (1<<MUX1) | (1<<MUX0); //Enciende mux 7
     54c:	80 81       	ld	r24, Z
     54e:	87 60       	ori	r24, 0x07	; 7
     550:	80 83       	st	Z, r24
		break;
	}
	ADC_FLAG ++;	//Aumenta el contador del MUX
     552:	80 91 06 01 	lds	r24, 0x0106	; 0x800106 <ADC_FLAG>
     556:	8f 5f       	subi	r24, 0xFF	; 255
     558:	80 93 06 01 	sts	0x0106, r24	; 0x800106 <ADC_FLAG>
	if (ADC_FLAG==4) //Reinicia el contador del MUX
     55c:	80 91 06 01 	lds	r24, 0x0106	; 0x800106 <ADC_FLAG>
     560:	84 30       	cpi	r24, 0x04	; 4
     562:	11 f4       	brne	.+4      	; 0x568 <__vector_21+0xb4>
	{
		ADC_FLAG=0;
     564:	10 92 06 01 	sts	0x0106, r1	; 0x800106 <ADC_FLAG>
	}
	wait =0;
     568:	10 92 07 01 	sts	0x0107, r1	; 0x800107 <wait>
}
     56c:	ff 91       	pop	r31
     56e:	ef 91       	pop	r30
     570:	8f 91       	pop	r24
     572:	0f 90       	pop	r0
     574:	0f be       	out	0x3f, r0	; 63
     576:	0f 90       	pop	r0
     578:	1f 90       	pop	r1
     57a:	18 95       	reti

0000057c <__vector_18>:
ISR(USART_RX_vect)
{
     57c:	1f 92       	push	r1
     57e:	0f 92       	push	r0
     580:	0f b6       	in	r0, 0x3f	; 63
     582:	0f 92       	push	r0
     584:	11 24       	eor	r1, r1
     586:	8f 93       	push	r24
	Buffer_RX = UDR0;
     588:	80 91 c6 00 	lds	r24, 0x00C6	; 0x8000c6 <__TEXT_REGION_LENGTH__+0x7f80c6>
     58c:	80 93 0a 01 	sts	0x010A, r24	; 0x80010a <Buffer_RX>
	if (N_Byte==1)
     590:	80 91 00 01 	lds	r24, 0x0100	; 0x800100 <__DATA_REGION_ORIGIN__>
     594:	81 30       	cpi	r24, 0x01	; 1
     596:	51 f4       	brne	.+20     	; 0x5ac <__vector_18+0x30>
	{
		MOTOR = Buffer_RX;
     598:	80 91 0a 01 	lds	r24, 0x010A	; 0x80010a <Buffer_RX>
     59c:	80 93 08 01 	sts	0x0108, r24	; 0x800108 <MOTOR>
		N_Byte ++;
     5a0:	80 91 00 01 	lds	r24, 0x0100	; 0x800100 <__DATA_REGION_ORIGIN__>
     5a4:	8f 5f       	subi	r24, 0xFF	; 255
     5a6:	80 93 00 01 	sts	0x0100, r24	; 0x800100 <__DATA_REGION_ORIGIN__>
     5aa:	07 c0       	rjmp	.+14     	; 0x5ba <__vector_18+0x3e>
	} 
	else
	{
		UART_VAL = Buffer_RX;
     5ac:	80 91 0a 01 	lds	r24, 0x010A	; 0x80010a <Buffer_RX>
     5b0:	80 93 0b 01 	sts	0x010B, r24	; 0x80010b <UART_VAL>
		N_Byte = 1;
     5b4:	81 e0       	ldi	r24, 0x01	; 1
     5b6:	80 93 00 01 	sts	0x0100, r24	; 0x800100 <__DATA_REGION_ORIGIN__>
	}
}
     5ba:	8f 91       	pop	r24
     5bc:	0f 90       	pop	r0
     5be:	0f be       	out	0x3f, r0	; 63
     5c0:	0f 90       	pop	r0
     5c2:	1f 90       	pop	r1
     5c4:	18 95       	reti

000005c6 <__vector_4>:
ISR (PCINT1_vect)
{
     5c6:	1f 92       	push	r1
     5c8:	0f 92       	push	r0
     5ca:	0f b6       	in	r0, 0x3f	; 63
     5cc:	0f 92       	push	r0
     5ce:	11 24       	eor	r1, r1
     5d0:	8f 93       	push	r24
     5d2:	9f 93       	push	r25
	if (!(PINC&(1<<PINC0)))
     5d4:	30 99       	sbic	0x06, 0	; 6
     5d6:	0c c0       	rjmp	.+24     	; 0x5f0 <__vector_4+0x2a>
	{
		if (modo ==control_SERIAL)
     5d8:	80 91 02 01 	lds	r24, 0x0102	; 0x800102 <__data_end>
     5dc:	82 30       	cpi	r24, 0x02	; 2
     5de:	19 f4       	brne	.+6      	; 0x5e6 <__vector_4+0x20>
		{
			modo = control_ADC;
     5e0:	10 92 02 01 	sts	0x0102, r1	; 0x800102 <__data_end>
     5e4:	05 c0       	rjmp	.+10     	; 0x5f0 <__vector_4+0x2a>
		}
		else
		{
			modo ++;
     5e6:	80 91 02 01 	lds	r24, 0x0102	; 0x800102 <__data_end>
     5ea:	8f 5f       	subi	r24, 0xFF	; 255
     5ec:	80 93 02 01 	sts	0x0102, r24	; 0x800102 <__data_end>
		}
	}
	if (!(PINC&(1<<PINC1)))
     5f0:	31 99       	sbic	0x06, 1	; 6
     5f2:	06 c0       	rjmp	.+12     	; 0x600 <__vector_4+0x3a>
	{
		direccion = !direccion;
     5f4:	90 91 04 01 	lds	r25, 0x0104	; 0x800104 <direccion>
     5f8:	81 e0       	ldi	r24, 0x01	; 1
     5fa:	89 27       	eor	r24, r25
     5fc:	80 93 04 01 	sts	0x0104, r24	; 0x800104 <direccion>
	}
     600:	9f 91       	pop	r25
     602:	8f 91       	pop	r24
     604:	0f 90       	pop	r0
     606:	0f be       	out	0x3f, r0	; 63
     608:	0f 90       	pop	r0
     60a:	1f 90       	pop	r1
     60c:	18 95       	reti

0000060e <initADC>:
 */ 

#include "ADC.h"

void initADC (uint8_t referencia, uint8_t justificacion, uint8_t MUXADC, uint8_t auto_trigger, uint8_t INT_ADC, uint8_t prescaler, uint8_t trigger)
{
     60e:	cf 92       	push	r12
     610:	ef 92       	push	r14
     612:	0f 93       	push	r16
     614:	9e 2d       	mov	r25, r14
	ADCSRA |= (1<<ADEN);
     616:	aa e7       	ldi	r26, 0x7A	; 122
     618:	b0 e0       	ldi	r27, 0x00	; 0
     61a:	3c 91       	ld	r19, X
     61c:	30 68       	ori	r19, 0x80	; 128
     61e:	3c 93       	st	X, r19
	switch (referencia)
     620:	81 30       	cpi	r24, 0x01	; 1
     622:	51 f0       	breq	.+20     	; 0x638 <initADC+0x2a>
     624:	18 f0       	brcs	.+6      	; 0x62c <initADC+0x1e>
     626:	82 30       	cpi	r24, 0x02	; 2
     628:	81 f0       	breq	.+32     	; 0x64a <initADC+0x3c>
     62a:	18 c0       	rjmp	.+48     	; 0x65c <initADC+0x4e>
	{
		case AREF:
		ADMUX &= ~((1<<REFS1)|(1<<REFS0));
     62c:	ac e7       	ldi	r26, 0x7C	; 124
     62e:	b0 e0       	ldi	r27, 0x00	; 0
     630:	8c 91       	ld	r24, X
     632:	8f 73       	andi	r24, 0x3F	; 63
     634:	8c 93       	st	X, r24
		break;
     636:	1a c0       	rjmp	.+52     	; 0x66c <initADC+0x5e>
		case AVCC:
		ADMUX &= ~((1<<REFS1)|(1<<REFS0));
     638:	ac e7       	ldi	r26, 0x7C	; 124
     63a:	b0 e0       	ldi	r27, 0x00	; 0
     63c:	8c 91       	ld	r24, X
     63e:	8f 73       	andi	r24, 0x3F	; 63
     640:	8c 93       	st	X, r24
		ADMUX |= (1<<REFS0);
     642:	8c 91       	ld	r24, X
     644:	80 64       	ori	r24, 0x40	; 64
     646:	8c 93       	st	X, r24
		break;
     648:	11 c0       	rjmp	.+34     	; 0x66c <initADC+0x5e>
		case interno:
		ADMUX &= ~((1<<REFS1)|(1<<REFS0));
     64a:	ac e7       	ldi	r26, 0x7C	; 124
     64c:	b0 e0       	ldi	r27, 0x00	; 0
     64e:	8c 91       	ld	r24, X
     650:	8f 73       	andi	r24, 0x3F	; 63
     652:	8c 93       	st	X, r24
		ADMUX |= (1<<REFS0)|(1<<REFS1);
     654:	8c 91       	ld	r24, X
     656:	80 6c       	ori	r24, 0xC0	; 192
     658:	8c 93       	st	X, r24
		break;
     65a:	08 c0       	rjmp	.+16     	; 0x66c <initADC+0x5e>
		default:
		ADMUX &= ~((1<<REFS1)|(1<<REFS0));
     65c:	ac e7       	ldi	r26, 0x7C	; 124
     65e:	b0 e0       	ldi	r27, 0x00	; 0
     660:	8c 91       	ld	r24, X
     662:	8f 73       	andi	r24, 0x3F	; 63
     664:	8c 93       	st	X, r24
		ADMUX |= (1<<REFS0);
     666:	8c 91       	ld	r24, X
     668:	80 64       	ori	r24, 0x40	; 64
     66a:	8c 93       	st	X, r24
		break;
	}
	if (justificacion==derecha)
     66c:	61 30       	cpi	r22, 0x01	; 1
     66e:	31 f4       	brne	.+12     	; 0x67c <initADC+0x6e>
	{
		ADMUX &= ~(1<<ADLAR);
     670:	ac e7       	ldi	r26, 0x7C	; 124
     672:	b0 e0       	ldi	r27, 0x00	; 0
     674:	8c 91       	ld	r24, X
     676:	8f 7d       	andi	r24, 0xDF	; 223
     678:	8c 93       	st	X, r24
     67a:	05 c0       	rjmp	.+10     	; 0x686 <initADC+0x78>
	}
	else
	{
		ADMUX |= (1<<ADLAR);
     67c:	ac e7       	ldi	r26, 0x7C	; 124
     67e:	b0 e0       	ldi	r27, 0x00	; 0
     680:	8c 91       	ld	r24, X
     682:	80 62       	ori	r24, 0x20	; 32
     684:	8c 93       	st	X, r24
	}
	switch (MUXADC)
     686:	50 e0       	ldi	r21, 0x00	; 0
     688:	4b 30       	cpi	r20, 0x0B	; 11
     68a:	51 05       	cpc	r21, r1
     68c:	08 f0       	brcs	.+2      	; 0x690 <initADC+0x82>
     68e:	65 c0       	rjmp	.+202    	; 0x75a <initADC+0x14c>
     690:	fa 01       	movw	r30, r20
     692:	ec 5c       	subi	r30, 0xCC	; 204
     694:	ff 4f       	sbci	r31, 0xFF	; 255
     696:	0c 94 48 0a 	jmp	0x1490	; 0x1490 <__tablejump2__>
	{
		case 0:
		ADMUX &= ~((1<<MUX3)|(1<<MUX2)|(1<<MUX1)|(1<<MUX0));
     69a:	ec e7       	ldi	r30, 0x7C	; 124
     69c:	f0 e0       	ldi	r31, 0x00	; 0
     69e:	80 81       	ld	r24, Z
     6a0:	80 7f       	andi	r24, 0xF0	; 240
     6a2:	80 83       	st	Z, r24
		break;
     6a4:	62 c0       	rjmp	.+196    	; 0x76a <initADC+0x15c>
		case 1:
		ADMUX &= ~((1<<MUX3)|(1<<MUX2)|(1<<MUX1)|(1<<MUX0));
     6a6:	ec e7       	ldi	r30, 0x7C	; 124
     6a8:	f0 e0       	ldi	r31, 0x00	; 0
     6aa:	80 81       	ld	r24, Z
     6ac:	80 7f       	andi	r24, 0xF0	; 240
     6ae:	80 83       	st	Z, r24
		ADMUX |= (1<<MUX0);
     6b0:	80 81       	ld	r24, Z
     6b2:	81 60       	ori	r24, 0x01	; 1
     6b4:	80 83       	st	Z, r24
		break;
     6b6:	59 c0       	rjmp	.+178    	; 0x76a <initADC+0x15c>
		case 2:
		ADMUX &= ~((1<<MUX3)|(1<<MUX2)|(1<<MUX1)|(1<<MUX0));
     6b8:	ec e7       	ldi	r30, 0x7C	; 124
     6ba:	f0 e0       	ldi	r31, 0x00	; 0
     6bc:	80 81       	ld	r24, Z
     6be:	80 7f       	andi	r24, 0xF0	; 240
     6c0:	80 83       	st	Z, r24
		ADMUX |= (1<<MUX1);
     6c2:	80 81       	ld	r24, Z
     6c4:	82 60       	ori	r24, 0x02	; 2
     6c6:	80 83       	st	Z, r24
		break;
     6c8:	50 c0       	rjmp	.+160    	; 0x76a <initADC+0x15c>
		case 3:
		ADMUX &= ~((1<<MUX3)|(1<<MUX2)|(1<<MUX1)|(1<<MUX0));
     6ca:	ec e7       	ldi	r30, 0x7C	; 124
     6cc:	f0 e0       	ldi	r31, 0x00	; 0
     6ce:	80 81       	ld	r24, Z
     6d0:	80 7f       	andi	r24, 0xF0	; 240
     6d2:	80 83       	st	Z, r24
		ADMUX |= (1<<MUX1)|(1<<MUX0);
     6d4:	80 81       	ld	r24, Z
     6d6:	83 60       	ori	r24, 0x03	; 3
     6d8:	80 83       	st	Z, r24
		break;
     6da:	47 c0       	rjmp	.+142    	; 0x76a <initADC+0x15c>
		case 4:
		ADMUX &= ~((1<<MUX3)|(1<<MUX2)|(1<<MUX1)|(1<<MUX0));
     6dc:	ec e7       	ldi	r30, 0x7C	; 124
     6de:	f0 e0       	ldi	r31, 0x00	; 0
     6e0:	80 81       	ld	r24, Z
     6e2:	80 7f       	andi	r24, 0xF0	; 240
     6e4:	80 83       	st	Z, r24
		ADMUX |= (1<<MUX2);
     6e6:	80 81       	ld	r24, Z
     6e8:	84 60       	ori	r24, 0x04	; 4
     6ea:	80 83       	st	Z, r24
		break;
     6ec:	3e c0       	rjmp	.+124    	; 0x76a <initADC+0x15c>
		case 5:
		ADMUX &= ~((1<<MUX3)|(1<<MUX2)|(1<<MUX1)|(1<<MUX0));
     6ee:	ec e7       	ldi	r30, 0x7C	; 124
     6f0:	f0 e0       	ldi	r31, 0x00	; 0
     6f2:	80 81       	ld	r24, Z
     6f4:	80 7f       	andi	r24, 0xF0	; 240
     6f6:	80 83       	st	Z, r24
		ADMUX |= (1<<MUX2)|(1<<MUX0);
     6f8:	80 81       	ld	r24, Z
     6fa:	85 60       	ori	r24, 0x05	; 5
     6fc:	80 83       	st	Z, r24
		break;
     6fe:	35 c0       	rjmp	.+106    	; 0x76a <initADC+0x15c>
		case 6:
		ADMUX &= ~((1<<MUX3)|(1<<MUX2)|(1<<MUX1)|(1<<MUX0));
     700:	ec e7       	ldi	r30, 0x7C	; 124
     702:	f0 e0       	ldi	r31, 0x00	; 0
     704:	80 81       	ld	r24, Z
     706:	80 7f       	andi	r24, 0xF0	; 240
     708:	80 83       	st	Z, r24
		ADMUX |= (1<<MUX2)|(1<<MUX1);
     70a:	80 81       	ld	r24, Z
     70c:	86 60       	ori	r24, 0x06	; 6
     70e:	80 83       	st	Z, r24
		break;
     710:	2c c0       	rjmp	.+88     	; 0x76a <initADC+0x15c>
		case 7:
		ADMUX &= ~((1<<MUX3)|(1<<MUX2)|(1<<MUX1)|(1<<MUX0));
     712:	ec e7       	ldi	r30, 0x7C	; 124
     714:	f0 e0       	ldi	r31, 0x00	; 0
     716:	80 81       	ld	r24, Z
     718:	80 7f       	andi	r24, 0xF0	; 240
     71a:	80 83       	st	Z, r24
		ADMUX |= (1<<MUX2)|(1<<MUX1)|(1<<MUX0);
     71c:	80 81       	ld	r24, Z
     71e:	87 60       	ori	r24, 0x07	; 7
     720:	80 83       	st	Z, r24
		break;
     722:	23 c0       	rjmp	.+70     	; 0x76a <initADC+0x15c>
		case 8:
		ADMUX &= ~((1<<MUX3)|(1<<MUX2)|(1<<MUX1)|(1<<MUX0));
     724:	ec e7       	ldi	r30, 0x7C	; 124
     726:	f0 e0       	ldi	r31, 0x00	; 0
     728:	80 81       	ld	r24, Z
     72a:	80 7f       	andi	r24, 0xF0	; 240
     72c:	80 83       	st	Z, r24
		ADMUX |= (1<<MUX3);
     72e:	80 81       	ld	r24, Z
     730:	88 60       	ori	r24, 0x08	; 8
     732:	80 83       	st	Z, r24
		break;
     734:	1a c0       	rjmp	.+52     	; 0x76a <initADC+0x15c>
		case VBG:
		ADMUX &= ~((1<<MUX3)|(1<<MUX2)|(1<<MUX1)|(1<<MUX0));
     736:	ec e7       	ldi	r30, 0x7C	; 124
     738:	f0 e0       	ldi	r31, 0x00	; 0
     73a:	80 81       	ld	r24, Z
     73c:	80 7f       	andi	r24, 0xF0	; 240
     73e:	80 83       	st	Z, r24
		ADMUX |= (1<<MUX3)|(1<<MUX2)|(1<<MUX1);
     740:	80 81       	ld	r24, Z
     742:	8e 60       	ori	r24, 0x0E	; 14
     744:	80 83       	st	Z, r24
		break;
     746:	11 c0       	rjmp	.+34     	; 0x76a <initADC+0x15c>
		case GND:
		ADMUX &= ~((1<<MUX3)|(1<<MUX2)|(1<<MUX1)|(1<<MUX0));
     748:	ec e7       	ldi	r30, 0x7C	; 124
     74a:	f0 e0       	ldi	r31, 0x00	; 0
     74c:	80 81       	ld	r24, Z
     74e:	80 7f       	andi	r24, 0xF0	; 240
     750:	80 83       	st	Z, r24
		ADMUX |= (1<<MUX3)|(1<<MUX2)|(1<<MUX1)|(1<<MUX0);
     752:	80 81       	ld	r24, Z
     754:	8f 60       	ori	r24, 0x0F	; 15
     756:	80 83       	st	Z, r24
		break;
     758:	08 c0       	rjmp	.+16     	; 0x76a <initADC+0x15c>
		default:
		ADMUX &= ~((1<<MUX3)|(1<<MUX2)|(1<<MUX1)|(1<<MUX0));
     75a:	ec e7       	ldi	r30, 0x7C	; 124
     75c:	f0 e0       	ldi	r31, 0x00	; 0
     75e:	80 81       	ld	r24, Z
     760:	80 7f       	andi	r24, 0xF0	; 240
     762:	80 83       	st	Z, r24
		ADMUX |= (1<<MUX2)|(1<<MUX1)|(1<<MUX0);
     764:	80 81       	ld	r24, Z
     766:	87 60       	ori	r24, 0x07	; 7
     768:	80 83       	st	Z, r24
		break;
	}
	if (auto_trigger==activado)
     76a:	21 30       	cpi	r18, 0x01	; 1
     76c:	31 f4       	brne	.+12     	; 0x77a <initADC+0x16c>
	{
		ADCSRA |= (1<<ADATE);
     76e:	ea e7       	ldi	r30, 0x7A	; 122
     770:	f0 e0       	ldi	r31, 0x00	; 0
     772:	80 81       	ld	r24, Z
     774:	80 62       	ori	r24, 0x20	; 32
     776:	80 83       	st	Z, r24
     778:	05 c0       	rjmp	.+10     	; 0x784 <initADC+0x176>
	} 
	else
	{
		ADCSRA &= ~(1<<ADATE);
     77a:	ea e7       	ldi	r30, 0x7A	; 122
     77c:	f0 e0       	ldi	r31, 0x00	; 0
     77e:	80 81       	ld	r24, Z
     780:	8f 7d       	andi	r24, 0xDF	; 223
     782:	80 83       	st	Z, r24
	}
	if (INT_ADC==activado)
     784:	01 30       	cpi	r16, 0x01	; 1
     786:	31 f4       	brne	.+12     	; 0x794 <initADC+0x186>
	{
		ADCSRA |= (1<<ADIE);
     788:	ea e7       	ldi	r30, 0x7A	; 122
     78a:	f0 e0       	ldi	r31, 0x00	; 0
     78c:	80 81       	ld	r24, Z
     78e:	88 60       	ori	r24, 0x08	; 8
     790:	80 83       	st	Z, r24
     792:	05 c0       	rjmp	.+10     	; 0x79e <initADC+0x190>
	} 
	else
	{
		ADCSRA &= ~(1<<ADIE);
     794:	ea e7       	ldi	r30, 0x7A	; 122
     796:	f0 e0       	ldi	r31, 0x00	; 0
     798:	80 81       	ld	r24, Z
     79a:	87 7f       	andi	r24, 0xF7	; 247
     79c:	80 83       	st	Z, r24
	}
	switch (prescaler)
     79e:	90 31       	cpi	r25, 0x10	; 16
     7a0:	41 f1       	breq	.+80     	; 0x7f2 <initADC+0x1e4>
     7a2:	40 f4       	brcc	.+16     	; 0x7b4 <initADC+0x1a6>
     7a4:	94 30       	cpi	r25, 0x04	; 4
     7a6:	99 f0       	breq	.+38     	; 0x7ce <initADC+0x1c0>
     7a8:	98 30       	cpi	r25, 0x08	; 8
     7aa:	d1 f0       	breq	.+52     	; 0x7e0 <initADC+0x1d2>
     7ac:	92 30       	cpi	r25, 0x02	; 2
     7ae:	09 f0       	breq	.+2      	; 0x7b2 <initADC+0x1a4>
     7b0:	44 c0       	rjmp	.+136    	; 0x83a <__DATA_REGION_LENGTH__+0x3a>
     7b2:	07 c0       	rjmp	.+14     	; 0x7c2 <initADC+0x1b4>
     7b4:	90 34       	cpi	r25, 0x40	; 64
     7b6:	79 f1       	breq	.+94     	; 0x816 <__DATA_REGION_LENGTH__+0x16>
     7b8:	90 38       	cpi	r25, 0x80	; 128
     7ba:	b1 f1       	breq	.+108    	; 0x828 <__DATA_REGION_LENGTH__+0x28>
     7bc:	90 32       	cpi	r25, 0x20	; 32
     7be:	e9 f5       	brne	.+122    	; 0x83a <__DATA_REGION_LENGTH__+0x3a>
     7c0:	21 c0       	rjmp	.+66     	; 0x804 <__DATA_REGION_LENGTH__+0x4>
	{
	case 2:
	ADCSRA &= ~((1<<ADPS2)|(1<<ADPS1)|(1<<ADPS0));
     7c2:	ea e7       	ldi	r30, 0x7A	; 122
     7c4:	f0 e0       	ldi	r31, 0x00	; 0
     7c6:	80 81       	ld	r24, Z
     7c8:	88 7f       	andi	r24, 0xF8	; 248
     7ca:	80 83       	st	Z, r24
	break;
     7cc:	3e c0       	rjmp	.+124    	; 0x84a <__DATA_REGION_LENGTH__+0x4a>
	case 4:
	ADCSRA &= ~((1<<ADPS2)|(1<<ADPS1)|(1<<ADPS0));
     7ce:	ea e7       	ldi	r30, 0x7A	; 122
     7d0:	f0 e0       	ldi	r31, 0x00	; 0
     7d2:	80 81       	ld	r24, Z
     7d4:	88 7f       	andi	r24, 0xF8	; 248
     7d6:	80 83       	st	Z, r24
	ADCSRA |= (1<<ADPS1);
     7d8:	80 81       	ld	r24, Z
     7da:	82 60       	ori	r24, 0x02	; 2
     7dc:	80 83       	st	Z, r24
	break;
     7de:	35 c0       	rjmp	.+106    	; 0x84a <__DATA_REGION_LENGTH__+0x4a>
	case 8:
	ADCSRA &= ~((1<<ADPS2)|(1<<ADPS1)|(1<<ADPS0));
     7e0:	ea e7       	ldi	r30, 0x7A	; 122
     7e2:	f0 e0       	ldi	r31, 0x00	; 0
     7e4:	80 81       	ld	r24, Z
     7e6:	88 7f       	andi	r24, 0xF8	; 248
     7e8:	80 83       	st	Z, r24
	ADCSRA |= (1<<ADPS1)|(1<<ADPS0);
     7ea:	80 81       	ld	r24, Z
     7ec:	83 60       	ori	r24, 0x03	; 3
     7ee:	80 83       	st	Z, r24
	break;
     7f0:	2c c0       	rjmp	.+88     	; 0x84a <__DATA_REGION_LENGTH__+0x4a>
	case 16:
	ADCSRA &= ~((1<<ADPS2)|(1<<ADPS1)|(1<<ADPS0));
     7f2:	ea e7       	ldi	r30, 0x7A	; 122
     7f4:	f0 e0       	ldi	r31, 0x00	; 0
     7f6:	80 81       	ld	r24, Z
     7f8:	88 7f       	andi	r24, 0xF8	; 248
     7fa:	80 83       	st	Z, r24
	ADCSRA |= (1<<ADPS2);
     7fc:	80 81       	ld	r24, Z
     7fe:	84 60       	ori	r24, 0x04	; 4
     800:	80 83       	st	Z, r24
	break;
     802:	23 c0       	rjmp	.+70     	; 0x84a <__DATA_REGION_LENGTH__+0x4a>
	case 32:
	ADCSRA &= ~((1<<ADPS2)|(1<<ADPS1)|(1<<ADPS0));
     804:	ea e7       	ldi	r30, 0x7A	; 122
     806:	f0 e0       	ldi	r31, 0x00	; 0
     808:	80 81       	ld	r24, Z
     80a:	88 7f       	andi	r24, 0xF8	; 248
     80c:	80 83       	st	Z, r24
	ADCSRA |= (1<<ADPS2)|(1<<ADPS0);
     80e:	80 81       	ld	r24, Z
     810:	85 60       	ori	r24, 0x05	; 5
     812:	80 83       	st	Z, r24
	break;
     814:	1a c0       	rjmp	.+52     	; 0x84a <__DATA_REGION_LENGTH__+0x4a>
	case 64:
	ADCSRA &= ~((1<<ADPS2)|(1<<ADPS1)|(1<<ADPS0));
     816:	ea e7       	ldi	r30, 0x7A	; 122
     818:	f0 e0       	ldi	r31, 0x00	; 0
     81a:	80 81       	ld	r24, Z
     81c:	88 7f       	andi	r24, 0xF8	; 248
     81e:	80 83       	st	Z, r24
	ADCSRA |= (1<<ADPS2)|(1<<ADPS1);
     820:	80 81       	ld	r24, Z
     822:	86 60       	ori	r24, 0x06	; 6
     824:	80 83       	st	Z, r24
	break;
     826:	11 c0       	rjmp	.+34     	; 0x84a <__DATA_REGION_LENGTH__+0x4a>
	case 128:
	ADCSRA &= ~((1<<ADPS2)|(1<<ADPS1)|(1<<ADPS0));
     828:	ea e7       	ldi	r30, 0x7A	; 122
     82a:	f0 e0       	ldi	r31, 0x00	; 0
     82c:	80 81       	ld	r24, Z
     82e:	88 7f       	andi	r24, 0xF8	; 248
     830:	80 83       	st	Z, r24
	ADCSRA |= (1<<ADPS2)|(1<<ADPS1)|(1<<ADPS0);
     832:	80 81       	ld	r24, Z
     834:	87 60       	ori	r24, 0x07	; 7
     836:	80 83       	st	Z, r24
	break;
     838:	08 c0       	rjmp	.+16     	; 0x84a <__DATA_REGION_LENGTH__+0x4a>
	default:
	ADCSRA &= ~((1<<ADPS2)|(1<<ADPS1)|(1<<ADPS0));
     83a:	ea e7       	ldi	r30, 0x7A	; 122
     83c:	f0 e0       	ldi	r31, 0x00	; 0
     83e:	80 81       	ld	r24, Z
     840:	88 7f       	andi	r24, 0xF8	; 248
     842:	80 83       	st	Z, r24
	ADCSRA |= (1<<ADPS2);
     844:	80 81       	ld	r24, Z
     846:	84 60       	ori	r24, 0x04	; 4
     848:	80 83       	st	Z, r24
	break;
	}
	switch (trigger)
     84a:	8c 2d       	mov	r24, r12
     84c:	90 e0       	ldi	r25, 0x00	; 0
     84e:	88 30       	cpi	r24, 0x08	; 8
     850:	91 05       	cpc	r25, r1
     852:	08 f0       	brcs	.+2      	; 0x856 <__DATA_REGION_LENGTH__+0x56>
     854:	49 c0       	rjmp	.+146    	; 0x8e8 <__DATA_REGION_LENGTH__+0xe8>
     856:	fc 01       	movw	r30, r24
     858:	e1 5c       	subi	r30, 0xC1	; 193
     85a:	ff 4f       	sbci	r31, 0xFF	; 255
     85c:	0c 94 48 0a 	jmp	0x1490	; 0x1490 <__tablejump2__>
	{
		case free_running:
		ADCSRB &= ~((1<<ADTS2)|(1<<ADTS1)|(1<<ADTS0));
     860:	eb e7       	ldi	r30, 0x7B	; 123
     862:	f0 e0       	ldi	r31, 0x00	; 0
     864:	80 81       	ld	r24, Z
     866:	88 7f       	andi	r24, 0xF8	; 248
     868:	80 83       	st	Z, r24
		break;
     86a:	3e c0       	rjmp	.+124    	; 0x8e8 <__DATA_REGION_LENGTH__+0xe8>
		case comparator:
		ADCSRB &= ~((1<<ADTS2)|(1<<ADTS1)|(1<<ADTS0));
     86c:	eb e7       	ldi	r30, 0x7B	; 123
     86e:	f0 e0       	ldi	r31, 0x00	; 0
     870:	80 81       	ld	r24, Z
     872:	88 7f       	andi	r24, 0xF8	; 248
     874:	80 83       	st	Z, r24
		ADCSRB |= (1<<ADTS0);
     876:	80 81       	ld	r24, Z
     878:	81 60       	ori	r24, 0x01	; 1
     87a:	80 83       	st	Z, r24
		break;
     87c:	35 c0       	rjmp	.+106    	; 0x8e8 <__DATA_REGION_LENGTH__+0xe8>
		case ext_int:
		ADCSRB &= ~((1<<ADTS2)|(1<<ADTS1)|(1<<ADTS0));
     87e:	eb e7       	ldi	r30, 0x7B	; 123
     880:	f0 e0       	ldi	r31, 0x00	; 0
     882:	80 81       	ld	r24, Z
     884:	88 7f       	andi	r24, 0xF8	; 248
     886:	80 83       	st	Z, r24
		ADCSRB |= (1<<ADTS1);
     888:	80 81       	ld	r24, Z
     88a:	82 60       	ori	r24, 0x02	; 2
     88c:	80 83       	st	Z, r24
		break;
     88e:	2c c0       	rjmp	.+88     	; 0x8e8 <__DATA_REGION_LENGTH__+0xe8>
		case TMR0_compare_match_A:
		ADCSRB &= ~((1<<ADTS2)|(1<<ADTS1)|(1<<ADTS0));
     890:	eb e7       	ldi	r30, 0x7B	; 123
     892:	f0 e0       	ldi	r31, 0x00	; 0
     894:	80 81       	ld	r24, Z
     896:	88 7f       	andi	r24, 0xF8	; 248
     898:	80 83       	st	Z, r24
		ADCSRB |= (1<<ADTS1)|(1<<ADTS0);
     89a:	80 81       	ld	r24, Z
     89c:	83 60       	ori	r24, 0x03	; 3
     89e:	80 83       	st	Z, r24
		break;
     8a0:	23 c0       	rjmp	.+70     	; 0x8e8 <__DATA_REGION_LENGTH__+0xe8>
		case TMR0_ovf:
		ADCSRB &= ~((1<<ADTS2)|(1<<ADTS1)|(1<<ADTS0));
     8a2:	eb e7       	ldi	r30, 0x7B	; 123
     8a4:	f0 e0       	ldi	r31, 0x00	; 0
     8a6:	80 81       	ld	r24, Z
     8a8:	88 7f       	andi	r24, 0xF8	; 248
     8aa:	80 83       	st	Z, r24
		ADCSRB |= (1<<ADTS2);
     8ac:	80 81       	ld	r24, Z
     8ae:	84 60       	ori	r24, 0x04	; 4
     8b0:	80 83       	st	Z, r24
		break;
     8b2:	1a c0       	rjmp	.+52     	; 0x8e8 <__DATA_REGION_LENGTH__+0xe8>
		case TMR1_compare_match_B:
		ADCSRB &= ~((1<<ADTS2)|(1<<ADTS1)|(1<<ADTS0));
     8b4:	eb e7       	ldi	r30, 0x7B	; 123
     8b6:	f0 e0       	ldi	r31, 0x00	; 0
     8b8:	80 81       	ld	r24, Z
     8ba:	88 7f       	andi	r24, 0xF8	; 248
     8bc:	80 83       	st	Z, r24
		ADCSRB |= (1<<ADTS2)|(1<<ADTS0);
     8be:	80 81       	ld	r24, Z
     8c0:	85 60       	ori	r24, 0x05	; 5
     8c2:	80 83       	st	Z, r24
		break;
     8c4:	11 c0       	rjmp	.+34     	; 0x8e8 <__DATA_REGION_LENGTH__+0xe8>
		case TMR1_ovf:
		ADCSRB &= ~((1<<ADTS2)|(1<<ADTS1)|(1<<ADTS0));
     8c6:	eb e7       	ldi	r30, 0x7B	; 123
     8c8:	f0 e0       	ldi	r31, 0x00	; 0
     8ca:	80 81       	ld	r24, Z
     8cc:	88 7f       	andi	r24, 0xF8	; 248
     8ce:	80 83       	st	Z, r24
		ADCSRB |= (1<<ADTS2)|(1<<ADTS1);
     8d0:	80 81       	ld	r24, Z
     8d2:	86 60       	ori	r24, 0x06	; 6
     8d4:	80 83       	st	Z, r24
		break;
     8d6:	08 c0       	rjmp	.+16     	; 0x8e8 <__DATA_REGION_LENGTH__+0xe8>
		case TMR1_capture:
		ADCSRB &= ~((1<<ADTS2)|(1<<ADTS1)|(1<<ADTS0));
     8d8:	eb e7       	ldi	r30, 0x7B	; 123
     8da:	f0 e0       	ldi	r31, 0x00	; 0
     8dc:	80 81       	ld	r24, Z
     8de:	88 7f       	andi	r24, 0xF8	; 248
     8e0:	80 83       	st	Z, r24
		ADCSRB |= (1<<ADTS2)|(1<<ADTS1)|(1<<ADTS0);
     8e2:	80 81       	ld	r24, Z
     8e4:	87 60       	ori	r24, 0x07	; 7
     8e6:	80 83       	st	Z, r24
		break;
	}
	ADCSRA |=(1<<ADSC);
     8e8:	ea e7       	ldi	r30, 0x7A	; 122
     8ea:	f0 e0       	ldi	r31, 0x00	; 0
     8ec:	80 81       	ld	r24, Z
     8ee:	80 64       	ori	r24, 0x40	; 64
     8f0:	80 83       	st	Z, r24
     8f2:	0f 91       	pop	r16
     8f4:	ef 90       	pop	r14
     8f6:	cf 90       	pop	r12
     8f8:	08 95       	ret

000008fa <EEPROMWrite>:
	}
}

void EEPROMWrite (uint16_t direccion, uint8_t dato)
{
	while (EECR & (1<<EEPE));
     8fa:	f9 99       	sbic	0x1f, 1	; 31
     8fc:	fe cf       	rjmp	.-4      	; 0x8fa <EEPROMWrite>
	EEAR = direccion;
     8fe:	92 bd       	out	0x22, r25	; 34
     900:	81 bd       	out	0x21, r24	; 33
	EEDR = dato;
     902:	60 bd       	out	0x20, r22	; 32
	cli();
     904:	f8 94       	cli
	EECR |= (1<<EEMPE);
     906:	8f b3       	in	r24, 0x1f	; 31
     908:	84 60       	ori	r24, 0x04	; 4
     90a:	8f bb       	out	0x1f, r24	; 31
	EECR |= (1<<EEPE);
     90c:	8f b3       	in	r24, 0x1f	; 31
     90e:	82 60       	ori	r24, 0x02	; 2
     910:	8f bb       	out	0x1f, r24	; 31
	sei();
     912:	78 94       	sei
     914:	08 95       	ret

00000916 <EEPROMRead>:
}
uint8_t EEPROMRead (uint16_t direccion)
{
	while (EECR & (1<<EEPE));
     916:	f9 99       	sbic	0x1f, 1	; 31
     918:	fe cf       	rjmp	.-4      	; 0x916 <EEPROMRead>
	EEAR = direccion;
     91a:	92 bd       	out	0x22, r25	; 34
     91c:	81 bd       	out	0x21, r24	; 33
	EECR |= (1<<EERE);
     91e:	8f b3       	in	r24, 0x1f	; 31
     920:	81 60       	ori	r24, 0x01	; 1
     922:	8f bb       	out	0x1f, r24	; 31
	return EEDR;
     924:	80 b5       	in	r24, 0x20	; 32
     926:	08 95       	ret

00000928 <PWM0A>:
 */ 
#include "PWM0A.h"
#include <avr/io.h>
void PWM0A(uint8_t modo, int prescaler, uint8_t invert)
{
	DDRD |= (1<<DDD6); //Enciende el puerto correspondiente
     928:	9a b1       	in	r25, 0x0a	; 10
     92a:	90 64       	ori	r25, 0x40	; 64
     92c:	9a b9       	out	0x0a, r25	; 10
	if (invert == invertido) //Configura si está o no invertido
     92e:	41 11       	cpse	r20, r1
     930:	07 c0       	rjmp	.+14     	; 0x940 <PWM0A+0x18>
	{
		TCCR0A &= ~((1<<COM0A0) | (1<<COM0A1));
     932:	94 b5       	in	r25, 0x24	; 36
     934:	9f 73       	andi	r25, 0x3F	; 63
     936:	94 bd       	out	0x24, r25	; 36
		TCCR0A |= (1<<COM0A0) | (1<<COM0A1);
     938:	94 b5       	in	r25, 0x24	; 36
     93a:	90 6c       	ori	r25, 0xC0	; 192
     93c:	94 bd       	out	0x24, r25	; 36
     93e:	06 c0       	rjmp	.+12     	; 0x94c <PWM0A+0x24>
	} else {
		TCCR0A &= ~((1<<COM0A0) | (1<<COM0A1));
     940:	94 b5       	in	r25, 0x24	; 36
     942:	9f 73       	andi	r25, 0x3F	; 63
     944:	94 bd       	out	0x24, r25	; 36
		TCCR0A |= (1<<COM0A1); //De forma predeterminada está en no invertido
     946:	94 b5       	in	r25, 0x24	; 36
     948:	90 68       	ori	r25, 0x80	; 128
     94a:	94 bd       	out	0x24, r25	; 36
	}
	if (modo == phase_correct) //Configura el modo
     94c:	81 11       	cpse	r24, r1
     94e:	07 c0       	rjmp	.+14     	; 0x95e <PWM0A+0x36>
	{
		TCCR0A &= ~((1<<WGM01) | (1<<WGM00));
     950:	84 b5       	in	r24, 0x24	; 36
     952:	8c 7f       	andi	r24, 0xFC	; 252
     954:	84 bd       	out	0x24, r24	; 36
		TCCR0A |= (1<<WGM00);
     956:	84 b5       	in	r24, 0x24	; 36
     958:	81 60       	ori	r24, 0x01	; 1
     95a:	84 bd       	out	0x24, r24	; 36
     95c:	06 c0       	rjmp	.+12     	; 0x96a <PWM0A+0x42>
	} 
	else
	{
		TCCR0A &= ~((1<<WGM01) | (1<<WGM00));
     95e:	84 b5       	in	r24, 0x24	; 36
     960:	8c 7f       	andi	r24, 0xFC	; 252
     962:	84 bd       	out	0x24, r24	; 36
		TCCR0A |= (1<<WGM00) | (1<<WGM01); //De forma predeterminada está en fast
     964:	84 b5       	in	r24, 0x24	; 36
     966:	83 60       	ori	r24, 0x03	; 3
     968:	84 bd       	out	0x24, r24	; 36
	}
	switch (prescaler) {	//Configura el prescaler
     96a:	60 34       	cpi	r22, 0x40	; 64
     96c:	71 05       	cpc	r23, r1
     96e:	a1 f0       	breq	.+40     	; 0x998 <PWM0A+0x70>
     970:	24 f4       	brge	.+8      	; 0x97a <PWM0A+0x52>
     972:	68 30       	cpi	r22, 0x08	; 8
     974:	71 05       	cpc	r23, r1
     976:	49 f0       	breq	.+18     	; 0x98a <PWM0A+0x62>
     978:	24 c0       	rjmp	.+72     	; 0x9c2 <PWM0A+0x9a>
     97a:	61 15       	cp	r22, r1
     97c:	81 e0       	ldi	r24, 0x01	; 1
     97e:	78 07       	cpc	r23, r24
     980:	91 f0       	breq	.+36     	; 0x9a6 <PWM0A+0x7e>
     982:	61 15       	cp	r22, r1
     984:	74 40       	sbci	r23, 0x04	; 4
     986:	b1 f0       	breq	.+44     	; 0x9b4 <PWM0A+0x8c>
     988:	1c c0       	rjmp	.+56     	; 0x9c2 <PWM0A+0x9a>
	case 8:
	TCCR0B &= ~((1<<CS02) | (1<<CS01) | (1<<CS00));
     98a:	85 b5       	in	r24, 0x25	; 37
     98c:	88 7f       	andi	r24, 0xF8	; 248
     98e:	85 bd       	out	0x25, r24	; 37
	TCCR0B |= (1<<CS01);
     990:	85 b5       	in	r24, 0x25	; 37
     992:	82 60       	ori	r24, 0x02	; 2
     994:	85 bd       	out	0x25, r24	; 37
	break;
     996:	08 95       	ret
	case 64:
	TCCR0B &= ~((1<<CS02) | (1<<CS01) | (1<<CS00));
     998:	85 b5       	in	r24, 0x25	; 37
     99a:	88 7f       	andi	r24, 0xF8	; 248
     99c:	85 bd       	out	0x25, r24	; 37
	TCCR0B |= (1<<CS01) | (1<<CS00);
     99e:	85 b5       	in	r24, 0x25	; 37
     9a0:	83 60       	ori	r24, 0x03	; 3
     9a2:	85 bd       	out	0x25, r24	; 37
	break;
     9a4:	08 95       	ret
	case 256:
	TCCR0B &= ~((1<<CS02) | (1<<CS01) | (1<<CS00));
     9a6:	85 b5       	in	r24, 0x25	; 37
     9a8:	88 7f       	andi	r24, 0xF8	; 248
     9aa:	85 bd       	out	0x25, r24	; 37
	TCCR0B |= (1<<CS02);
     9ac:	85 b5       	in	r24, 0x25	; 37
     9ae:	84 60       	ori	r24, 0x04	; 4
     9b0:	85 bd       	out	0x25, r24	; 37
	break;
     9b2:	08 95       	ret
	case 1024:
	TCCR0B &= ~((1<<CS02) | (1<<CS01) | (1<<CS00));
     9b4:	85 b5       	in	r24, 0x25	; 37
     9b6:	88 7f       	andi	r24, 0xF8	; 248
     9b8:	85 bd       	out	0x25, r24	; 37
	TCCR0B |= (1<<CS02) | (1<<CS00);
     9ba:	85 b5       	in	r24, 0x25	; 37
     9bc:	85 60       	ori	r24, 0x05	; 5
     9be:	85 bd       	out	0x25, r24	; 37
	break;
     9c0:	08 95       	ret
	default:
	TCCR0B &= ~((1<<CS02) | (1<<CS01) | (1<<CS00));
     9c2:	85 b5       	in	r24, 0x25	; 37
     9c4:	88 7f       	andi	r24, 0xF8	; 248
     9c6:	85 bd       	out	0x25, r24	; 37
	TCCR0B |= (1<<CS00);	//Prescaler de 1 predeterminado
     9c8:	85 b5       	in	r24, 0x25	; 37
     9ca:	81 60       	ori	r24, 0x01	; 1
     9cc:	85 bd       	out	0x25, r24	; 37
     9ce:	08 95       	ret

000009d0 <PWM0B>:
 */ 
#include "PWM0B.h"
#include <avr/io.h>
void PWM0B(uint8_t modo, int prescaler, uint8_t invert)
{
	DDRD |= (1<<DDD5); //Enciende el puerto correspondiente
     9d0:	9a b1       	in	r25, 0x0a	; 10
     9d2:	90 62       	ori	r25, 0x20	; 32
     9d4:	9a b9       	out	0x0a, r25	; 10
	if (invert == invertido) //Configura si está o no invertido
     9d6:	41 11       	cpse	r20, r1
     9d8:	07 c0       	rjmp	.+14     	; 0x9e8 <PWM0B+0x18>
	{
		TCCR0A &= ~((1<<COM0B0) | (1<<COM0B0));
     9da:	94 b5       	in	r25, 0x24	; 36
     9dc:	9f 7e       	andi	r25, 0xEF	; 239
     9de:	94 bd       	out	0x24, r25	; 36
		TCCR0A |= (1<<COM0B0) | (1<<COM0B1);
     9e0:	94 b5       	in	r25, 0x24	; 36
     9e2:	90 63       	ori	r25, 0x30	; 48
     9e4:	94 bd       	out	0x24, r25	; 36
     9e6:	06 c0       	rjmp	.+12     	; 0x9f4 <PWM0B+0x24>
		} else {
		TCCR0A &= ~((1<<COM0B0) | (1<<COM0B1));
     9e8:	94 b5       	in	r25, 0x24	; 36
     9ea:	9f 7c       	andi	r25, 0xCF	; 207
     9ec:	94 bd       	out	0x24, r25	; 36
		TCCR0A |= (1<<COM0B1); //De forma predeterminada está en no invertido
     9ee:	94 b5       	in	r25, 0x24	; 36
     9f0:	90 62       	ori	r25, 0x20	; 32
     9f2:	94 bd       	out	0x24, r25	; 36
	}
	if (modo == phase_correct) //Configura el modo
     9f4:	81 11       	cpse	r24, r1
     9f6:	07 c0       	rjmp	.+14     	; 0xa06 <PWM0B+0x36>
	{
		TCCR0A &= ~((1<<WGM01) | (1<<WGM00));
     9f8:	84 b5       	in	r24, 0x24	; 36
     9fa:	8c 7f       	andi	r24, 0xFC	; 252
     9fc:	84 bd       	out	0x24, r24	; 36
		TCCR0A |= (1<<WGM00);
     9fe:	84 b5       	in	r24, 0x24	; 36
     a00:	81 60       	ori	r24, 0x01	; 1
     a02:	84 bd       	out	0x24, r24	; 36
     a04:	06 c0       	rjmp	.+12     	; 0xa12 <PWM0B+0x42>
	}
	else
	{
		TCCR0A &= ~((1<<WGM01) | (1<<WGM00));
     a06:	84 b5       	in	r24, 0x24	; 36
     a08:	8c 7f       	andi	r24, 0xFC	; 252
     a0a:	84 bd       	out	0x24, r24	; 36
		TCCR0A |= (1<<WGM00) | (1<<WGM01); //De forma predeterminada está en fast
     a0c:	84 b5       	in	r24, 0x24	; 36
     a0e:	83 60       	ori	r24, 0x03	; 3
     a10:	84 bd       	out	0x24, r24	; 36
	}
	switch (prescaler) {	//Configura el prescaler
     a12:	60 34       	cpi	r22, 0x40	; 64
     a14:	71 05       	cpc	r23, r1
     a16:	a1 f0       	breq	.+40     	; 0xa40 <PWM0B+0x70>
     a18:	24 f4       	brge	.+8      	; 0xa22 <PWM0B+0x52>
     a1a:	68 30       	cpi	r22, 0x08	; 8
     a1c:	71 05       	cpc	r23, r1
     a1e:	49 f0       	breq	.+18     	; 0xa32 <PWM0B+0x62>
     a20:	24 c0       	rjmp	.+72     	; 0xa6a <PWM0B+0x9a>
     a22:	61 15       	cp	r22, r1
     a24:	81 e0       	ldi	r24, 0x01	; 1
     a26:	78 07       	cpc	r23, r24
     a28:	91 f0       	breq	.+36     	; 0xa4e <PWM0B+0x7e>
     a2a:	61 15       	cp	r22, r1
     a2c:	74 40       	sbci	r23, 0x04	; 4
     a2e:	b1 f0       	breq	.+44     	; 0xa5c <PWM0B+0x8c>
     a30:	1c c0       	rjmp	.+56     	; 0xa6a <PWM0B+0x9a>
		case 8:
		TCCR0B &= ~((1<<CS02) | (1<<CS01) | (1<<CS00));
     a32:	85 b5       	in	r24, 0x25	; 37
     a34:	88 7f       	andi	r24, 0xF8	; 248
     a36:	85 bd       	out	0x25, r24	; 37
		TCCR0B |= (1<<CS01);
     a38:	85 b5       	in	r24, 0x25	; 37
     a3a:	82 60       	ori	r24, 0x02	; 2
     a3c:	85 bd       	out	0x25, r24	; 37
		break;
     a3e:	08 95       	ret
		case 64:
		TCCR0B &= ~((1<<CS02) | (1<<CS01) | (1<<CS00));
     a40:	85 b5       	in	r24, 0x25	; 37
     a42:	88 7f       	andi	r24, 0xF8	; 248
     a44:	85 bd       	out	0x25, r24	; 37
		TCCR0B |= (1<<CS01) | (1<<CS00);
     a46:	85 b5       	in	r24, 0x25	; 37
     a48:	83 60       	ori	r24, 0x03	; 3
     a4a:	85 bd       	out	0x25, r24	; 37
		break;
     a4c:	08 95       	ret
		case 256:
		TCCR0B &= ~((1<<CS02) | (1<<CS01) | (1<<CS00));
     a4e:	85 b5       	in	r24, 0x25	; 37
     a50:	88 7f       	andi	r24, 0xF8	; 248
     a52:	85 bd       	out	0x25, r24	; 37
		TCCR0B |= (1<<CS02);
     a54:	85 b5       	in	r24, 0x25	; 37
     a56:	84 60       	ori	r24, 0x04	; 4
     a58:	85 bd       	out	0x25, r24	; 37
		break;
     a5a:	08 95       	ret
		case 1024:
		TCCR0B &= ~((1<<CS02) | (1<<CS01) | (1<<CS00));
     a5c:	85 b5       	in	r24, 0x25	; 37
     a5e:	88 7f       	andi	r24, 0xF8	; 248
     a60:	85 bd       	out	0x25, r24	; 37
		TCCR0B |= (1<<CS02) | (1<<CS00);
     a62:	85 b5       	in	r24, 0x25	; 37
     a64:	85 60       	ori	r24, 0x05	; 5
     a66:	85 bd       	out	0x25, r24	; 37
		break;
     a68:	08 95       	ret
		default:
		TCCR0B &= ~((1<<CS02) | (1<<CS01) | (1<<CS00));
     a6a:	85 b5       	in	r24, 0x25	; 37
     a6c:	88 7f       	andi	r24, 0xF8	; 248
     a6e:	85 bd       	out	0x25, r24	; 37
		TCCR0B |= (1<<CS00);	//Prescaler de 1 predeterminado
     a70:	85 b5       	in	r24, 0x25	; 37
     a72:	81 60       	ori	r24, 0x01	; 1
     a74:	85 bd       	out	0x25, r24	; 37
     a76:	08 95       	ret

00000a78 <PWM1A>:
 * Created: 3/05/2026 04:22:12
 *  Author: Diego
 */ 
#include "PWM1A.h"
void PWM1A(uint8_t modo, int prescaler, uint8_t invert)
{
     a78:	e8 2f       	mov	r30, r24
	DDRB |= (1<<DDB1); //Enciende el puerto correspondiente
     a7a:	84 b1       	in	r24, 0x04	; 4
     a7c:	82 60       	ori	r24, 0x02	; 2
     a7e:	84 b9       	out	0x04, r24	; 4
	if (invert == invertido) //Configura si está o no invertido
     a80:	41 11       	cpse	r20, r1
     a82:	09 c0       	rjmp	.+18     	; 0xa96 <PWM1A+0x1e>
	{
		TCCR1A &= ~((1<<COM1B0) | (1<<COM1B1));
     a84:	a0 e8       	ldi	r26, 0x80	; 128
     a86:	b0 e0       	ldi	r27, 0x00	; 0
     a88:	8c 91       	ld	r24, X
     a8a:	8f 7c       	andi	r24, 0xCF	; 207
     a8c:	8c 93       	st	X, r24
		TCCR1A |= (1<<COM1B0) | (1<<COM1B1);
     a8e:	8c 91       	ld	r24, X
     a90:	80 63       	ori	r24, 0x30	; 48
     a92:	8c 93       	st	X, r24
     a94:	08 c0       	rjmp	.+16     	; 0xaa6 <PWM1A+0x2e>
		} else {
		TCCR1A &= ~((1<<COM1B0) | (1<<COM1B1));
     a96:	a0 e8       	ldi	r26, 0x80	; 128
     a98:	b0 e0       	ldi	r27, 0x00	; 0
     a9a:	8c 91       	ld	r24, X
     a9c:	8f 7c       	andi	r24, 0xCF	; 207
     a9e:	8c 93       	st	X, r24
		TCCR1A |= (1<<COM1B1); //De forma predeterminada está en no invertido
     aa0:	8c 91       	ld	r24, X
     aa2:	80 62       	ori	r24, 0x20	; 32
     aa4:	8c 93       	st	X, r24
	}
	switch (modo) //Configura el modo
     aa6:	8e 2f       	mov	r24, r30
     aa8:	90 e0       	ldi	r25, 0x00	; 0
     aaa:	8d 30       	cpi	r24, 0x0D	; 13
     aac:	91 05       	cpc	r25, r1
     aae:	08 f0       	brcs	.+2      	; 0xab2 <PWM1A+0x3a>
     ab0:	c4 c0       	rjmp	.+392    	; 0xc3a <PWM1A+0x1c2>
     ab2:	fc 01       	movw	r30, r24
     ab4:	e9 5b       	subi	r30, 0xB9	; 185
     ab6:	ff 4f       	sbci	r31, 0xFF	; 255
     ab8:	0c 94 48 0a 	jmp	0x1490	; 0x1490 <__tablejump2__>
	{
		case phase_correct_8:
		TCCR1A &= ~((1<<WGM11) | (1<<WGM10));
     abc:	e0 e8       	ldi	r30, 0x80	; 128
     abe:	f0 e0       	ldi	r31, 0x00	; 0
     ac0:	80 81       	ld	r24, Z
     ac2:	8c 7f       	andi	r24, 0xFC	; 252
     ac4:	80 83       	st	Z, r24
		TCCR1B &= ~((1<<WGM13) | (1<<WGM12));
     ac6:	a1 e8       	ldi	r26, 0x81	; 129
     ac8:	b0 e0       	ldi	r27, 0x00	; 0
     aca:	8c 91       	ld	r24, X
     acc:	87 7e       	andi	r24, 0xE7	; 231
     ace:	8c 93       	st	X, r24
		TCCR1A |= (1<<WGM10);
     ad0:	80 81       	ld	r24, Z
     ad2:	81 60       	ori	r24, 0x01	; 1
     ad4:	80 83       	st	Z, r24
		break;
     ad6:	b1 c0       	rjmp	.+354    	; 0xc3a <PWM1A+0x1c2>
		case phase_correct_9:
		TCCR1A &= ~((1<<WGM11) | (1<<WGM10));
     ad8:	e0 e8       	ldi	r30, 0x80	; 128
     ada:	f0 e0       	ldi	r31, 0x00	; 0
     adc:	80 81       	ld	r24, Z
     ade:	8c 7f       	andi	r24, 0xFC	; 252
     ae0:	80 83       	st	Z, r24
		TCCR1B &= ~((1<<WGM13) | (1<<WGM12));
     ae2:	a1 e8       	ldi	r26, 0x81	; 129
     ae4:	b0 e0       	ldi	r27, 0x00	; 0
     ae6:	8c 91       	ld	r24, X
     ae8:	87 7e       	andi	r24, 0xE7	; 231
     aea:	8c 93       	st	X, r24
		TCCR1A |= (1<<WGM11);
     aec:	80 81       	ld	r24, Z
     aee:	82 60       	ori	r24, 0x02	; 2
     af0:	80 83       	st	Z, r24
		break;
     af2:	a3 c0       	rjmp	.+326    	; 0xc3a <PWM1A+0x1c2>
		case phase_correct_10:
		TCCR1A &= ~((1<<WGM11) | (1<<WGM10));
     af4:	e0 e8       	ldi	r30, 0x80	; 128
     af6:	f0 e0       	ldi	r31, 0x00	; 0
     af8:	80 81       	ld	r24, Z
     afa:	8c 7f       	andi	r24, 0xFC	; 252
     afc:	80 83       	st	Z, r24
		TCCR1B &= ~((1<<WGM13) | (1<<WGM12));
     afe:	a1 e8       	ldi	r26, 0x81	; 129
     b00:	b0 e0       	ldi	r27, 0x00	; 0
     b02:	8c 91       	ld	r24, X
     b04:	87 7e       	andi	r24, 0xE7	; 231
     b06:	8c 93       	st	X, r24
		TCCR1A |= (1<<WGM11)|(1<<WGM10);
     b08:	80 81       	ld	r24, Z
     b0a:	83 60       	ori	r24, 0x03	; 3
     b0c:	80 83       	st	Z, r24
		break;
     b0e:	95 c0       	rjmp	.+298    	; 0xc3a <PWM1A+0x1c2>
		case fast_8:
		TCCR1A &= ~((1<<WGM11) | (1<<WGM10));
     b10:	e0 e8       	ldi	r30, 0x80	; 128
     b12:	f0 e0       	ldi	r31, 0x00	; 0
     b14:	80 81       	ld	r24, Z
     b16:	8c 7f       	andi	r24, 0xFC	; 252
     b18:	80 83       	st	Z, r24
		TCCR1B &= ~((1<<WGM13) | (1<<WGM12));
     b1a:	a1 e8       	ldi	r26, 0x81	; 129
     b1c:	b0 e0       	ldi	r27, 0x00	; 0
     b1e:	8c 91       	ld	r24, X
     b20:	87 7e       	andi	r24, 0xE7	; 231
     b22:	8c 93       	st	X, r24
		TCCR1B |= (1<<WGM12);
     b24:	8c 91       	ld	r24, X
     b26:	88 60       	ori	r24, 0x08	; 8
     b28:	8c 93       	st	X, r24
		TCCR1A |= (1<<WGM10);
     b2a:	80 81       	ld	r24, Z
     b2c:	81 60       	ori	r24, 0x01	; 1
     b2e:	80 83       	st	Z, r24
		break;
     b30:	84 c0       	rjmp	.+264    	; 0xc3a <PWM1A+0x1c2>
		case fast_9:
		TCCR1A &= ~((1<<WGM11) | (1<<WGM10));
     b32:	e0 e8       	ldi	r30, 0x80	; 128
     b34:	f0 e0       	ldi	r31, 0x00	; 0
     b36:	80 81       	ld	r24, Z
     b38:	8c 7f       	andi	r24, 0xFC	; 252
     b3a:	80 83       	st	Z, r24
		TCCR1B &= ~((1<<WGM13) | (1<<WGM12));
     b3c:	a1 e8       	ldi	r26, 0x81	; 129
     b3e:	b0 e0       	ldi	r27, 0x00	; 0
     b40:	8c 91       	ld	r24, X
     b42:	87 7e       	andi	r24, 0xE7	; 231
     b44:	8c 93       	st	X, r24
		TCCR1B |= (1<<WGM12);
     b46:	8c 91       	ld	r24, X
     b48:	88 60       	ori	r24, 0x08	; 8
     b4a:	8c 93       	st	X, r24
		TCCR1A |= (1<<WGM11);
     b4c:	80 81       	ld	r24, Z
     b4e:	82 60       	ori	r24, 0x02	; 2
     b50:	80 83       	st	Z, r24
		break;
     b52:	73 c0       	rjmp	.+230    	; 0xc3a <PWM1A+0x1c2>
		case fast_10:
		TCCR1A &= ~((1<<WGM11) | (1<<WGM10));
     b54:	e0 e8       	ldi	r30, 0x80	; 128
     b56:	f0 e0       	ldi	r31, 0x00	; 0
     b58:	80 81       	ld	r24, Z
     b5a:	8c 7f       	andi	r24, 0xFC	; 252
     b5c:	80 83       	st	Z, r24
		TCCR1B &= ~((1<<WGM13) | (1<<WGM12));
     b5e:	a1 e8       	ldi	r26, 0x81	; 129
     b60:	b0 e0       	ldi	r27, 0x00	; 0
     b62:	8c 91       	ld	r24, X
     b64:	87 7e       	andi	r24, 0xE7	; 231
     b66:	8c 93       	st	X, r24
		TCCR1B |= (1<<WGM12);
     b68:	8c 91       	ld	r24, X
     b6a:	88 60       	ori	r24, 0x08	; 8
     b6c:	8c 93       	st	X, r24
		TCCR1A |= (1<<WGM11)|(1<<WGM10);
     b6e:	80 81       	ld	r24, Z
     b70:	83 60       	ori	r24, 0x03	; 3
     b72:	80 83       	st	Z, r24
		break;
     b74:	62 c0       	rjmp	.+196    	; 0xc3a <PWM1A+0x1c2>
		case phase_frequency_I:
		TCCR1A &= ~((1<<WGM11) | (1<<WGM10));
     b76:	e0 e8       	ldi	r30, 0x80	; 128
     b78:	f0 e0       	ldi	r31, 0x00	; 0
     b7a:	80 81       	ld	r24, Z
     b7c:	8c 7f       	andi	r24, 0xFC	; 252
     b7e:	80 83       	st	Z, r24
		TCCR1B &= ~((1<<WGM13) | (1<<WGM12));
     b80:	e1 e8       	ldi	r30, 0x81	; 129
     b82:	f0 e0       	ldi	r31, 0x00	; 0
     b84:	80 81       	ld	r24, Z
     b86:	87 7e       	andi	r24, 0xE7	; 231
     b88:	80 83       	st	Z, r24
		TCCR1B |= (1<<WGM13);
     b8a:	80 81       	ld	r24, Z
     b8c:	80 61       	ori	r24, 0x10	; 16
     b8e:	80 83       	st	Z, r24
		break;
     b90:	54 c0       	rjmp	.+168    	; 0xc3a <PWM1A+0x1c2>
		case phase_frequency_O:
		TCCR1A &= ~((1<<WGM11) | (1<<WGM10));
     b92:	e0 e8       	ldi	r30, 0x80	; 128
     b94:	f0 e0       	ldi	r31, 0x00	; 0
     b96:	80 81       	ld	r24, Z
     b98:	8c 7f       	andi	r24, 0xFC	; 252
     b9a:	80 83       	st	Z, r24
		TCCR1B &= ~((1<<WGM13) | (1<<WGM12));
     b9c:	a1 e8       	ldi	r26, 0x81	; 129
     b9e:	b0 e0       	ldi	r27, 0x00	; 0
     ba0:	8c 91       	ld	r24, X
     ba2:	87 7e       	andi	r24, 0xE7	; 231
     ba4:	8c 93       	st	X, r24
		TCCR1B |= (1<<WGM13);
     ba6:	8c 91       	ld	r24, X
     ba8:	80 61       	ori	r24, 0x10	; 16
     baa:	8c 93       	st	X, r24
		TCCR1A |= (1<<WGM10);
     bac:	80 81       	ld	r24, Z
     bae:	81 60       	ori	r24, 0x01	; 1
     bb0:	80 83       	st	Z, r24
		break;
     bb2:	43 c0       	rjmp	.+134    	; 0xc3a <PWM1A+0x1c2>
		case phase_correct_I:
		TCCR1A &= ~((1<<WGM11) | (1<<WGM10));
     bb4:	e0 e8       	ldi	r30, 0x80	; 128
     bb6:	f0 e0       	ldi	r31, 0x00	; 0
     bb8:	80 81       	ld	r24, Z
     bba:	8c 7f       	andi	r24, 0xFC	; 252
     bbc:	80 83       	st	Z, r24
		TCCR1B &= ~((1<<WGM13) | (1<<WGM12));
     bbe:	a1 e8       	ldi	r26, 0x81	; 129
     bc0:	b0 e0       	ldi	r27, 0x00	; 0
     bc2:	8c 91       	ld	r24, X
     bc4:	87 7e       	andi	r24, 0xE7	; 231
     bc6:	8c 93       	st	X, r24
		TCCR1B |= (1<<WGM13);
     bc8:	8c 91       	ld	r24, X
     bca:	80 61       	ori	r24, 0x10	; 16
     bcc:	8c 93       	st	X, r24
		TCCR1A |= (1<<WGM11);
     bce:	80 81       	ld	r24, Z
     bd0:	82 60       	ori	r24, 0x02	; 2
     bd2:	80 83       	st	Z, r24
		break;
     bd4:	32 c0       	rjmp	.+100    	; 0xc3a <PWM1A+0x1c2>
		case phase_correct_O:
		TCCR1A &= ~((1<<WGM11) | (1<<WGM10));
     bd6:	e0 e8       	ldi	r30, 0x80	; 128
     bd8:	f0 e0       	ldi	r31, 0x00	; 0
     bda:	80 81       	ld	r24, Z
     bdc:	8c 7f       	andi	r24, 0xFC	; 252
     bde:	80 83       	st	Z, r24
		TCCR1B &= ~((1<<WGM13) | (1<<WGM12));
     be0:	a1 e8       	ldi	r26, 0x81	; 129
     be2:	b0 e0       	ldi	r27, 0x00	; 0
     be4:	8c 91       	ld	r24, X
     be6:	87 7e       	andi	r24, 0xE7	; 231
     be8:	8c 93       	st	X, r24
		TCCR1B |= (1<<WGM13);
     bea:	8c 91       	ld	r24, X
     bec:	80 61       	ori	r24, 0x10	; 16
     bee:	8c 93       	st	X, r24
		TCCR1A |= (1<<WGM11)|(1<<WGM10);
     bf0:	80 81       	ld	r24, Z
     bf2:	83 60       	ori	r24, 0x03	; 3
     bf4:	80 83       	st	Z, r24
		break;
     bf6:	21 c0       	rjmp	.+66     	; 0xc3a <PWM1A+0x1c2>
		case fast_I:
		TCCR1A &= ~((1<<WGM11) | (1<<WGM10));
     bf8:	e0 e8       	ldi	r30, 0x80	; 128
     bfa:	f0 e0       	ldi	r31, 0x00	; 0
     bfc:	80 81       	ld	r24, Z
     bfe:	8c 7f       	andi	r24, 0xFC	; 252
     c00:	80 83       	st	Z, r24
		TCCR1B &= ~((1<<WGM13) | (1<<WGM12));
     c02:	a1 e8       	ldi	r26, 0x81	; 129
     c04:	b0 e0       	ldi	r27, 0x00	; 0
     c06:	8c 91       	ld	r24, X
     c08:	87 7e       	andi	r24, 0xE7	; 231
     c0a:	8c 93       	st	X, r24
		TCCR1B |= (1<<WGM13)|(1<<WGM12);
     c0c:	8c 91       	ld	r24, X
     c0e:	88 61       	ori	r24, 0x18	; 24
     c10:	8c 93       	st	X, r24
		TCCR1A |= (1<<WGM11);
     c12:	80 81       	ld	r24, Z
     c14:	82 60       	ori	r24, 0x02	; 2
     c16:	80 83       	st	Z, r24
		break;
     c18:	10 c0       	rjmp	.+32     	; 0xc3a <PWM1A+0x1c2>
		case fast_O:
		TCCR1A &= ~((1<<WGM11) | (1<<WGM10));
     c1a:	e0 e8       	ldi	r30, 0x80	; 128
     c1c:	f0 e0       	ldi	r31, 0x00	; 0
     c1e:	80 81       	ld	r24, Z
     c20:	8c 7f       	andi	r24, 0xFC	; 252
     c22:	80 83       	st	Z, r24
		TCCR1B &= ~((1<<WGM13) | (1<<WGM12));
     c24:	a1 e8       	ldi	r26, 0x81	; 129
     c26:	b0 e0       	ldi	r27, 0x00	; 0
     c28:	8c 91       	ld	r24, X
     c2a:	87 7e       	andi	r24, 0xE7	; 231
     c2c:	8c 93       	st	X, r24
		TCCR1B |= (1<<WGM13)|(1<<WGM12);
     c2e:	8c 91       	ld	r24, X
     c30:	88 61       	ori	r24, 0x18	; 24
     c32:	8c 93       	st	X, r24
		TCCR1A |= (1<<WGM11)|(1<<WGM10);
     c34:	80 81       	ld	r24, Z
     c36:	83 60       	ori	r24, 0x03	; 3
     c38:	80 83       	st	Z, r24
		break;
	}
	switch (prescaler) {	//Configura el prescaler
     c3a:	60 34       	cpi	r22, 0x40	; 64
     c3c:	71 05       	cpc	r23, r1
     c3e:	b1 f0       	breq	.+44     	; 0xc6c <PWM1A+0x1f4>
     c40:	24 f4       	brge	.+8      	; 0xc4a <PWM1A+0x1d2>
     c42:	68 30       	cpi	r22, 0x08	; 8
     c44:	71 05       	cpc	r23, r1
     c46:	49 f0       	breq	.+18     	; 0xc5a <PWM1A+0x1e2>
     c48:	2c c0       	rjmp	.+88     	; 0xca2 <PWM1A+0x22a>
     c4a:	61 15       	cp	r22, r1
     c4c:	81 e0       	ldi	r24, 0x01	; 1
     c4e:	78 07       	cpc	r23, r24
     c50:	b1 f0       	breq	.+44     	; 0xc7e <PWM1A+0x206>
     c52:	61 15       	cp	r22, r1
     c54:	74 40       	sbci	r23, 0x04	; 4
     c56:	e1 f0       	breq	.+56     	; 0xc90 <PWM1A+0x218>
     c58:	24 c0       	rjmp	.+72     	; 0xca2 <PWM1A+0x22a>
		case 8:
		TCCR1B &= ~((1<<CS12) | (1<<CS11) | (1<<CS10));
     c5a:	e1 e8       	ldi	r30, 0x81	; 129
     c5c:	f0 e0       	ldi	r31, 0x00	; 0
     c5e:	80 81       	ld	r24, Z
     c60:	88 7f       	andi	r24, 0xF8	; 248
     c62:	80 83       	st	Z, r24
		TCCR1B |= (1<<CS11);
     c64:	80 81       	ld	r24, Z
     c66:	82 60       	ori	r24, 0x02	; 2
     c68:	80 83       	st	Z, r24
		break;
     c6a:	08 95       	ret
		case 64:
		TCCR1B &= ~((1<<CS12) | (1<<CS11) | (1<<CS10));
     c6c:	e1 e8       	ldi	r30, 0x81	; 129
     c6e:	f0 e0       	ldi	r31, 0x00	; 0
     c70:	80 81       	ld	r24, Z
     c72:	88 7f       	andi	r24, 0xF8	; 248
     c74:	80 83       	st	Z, r24
		TCCR1B |= (1<<CS11) | (1<<CS10);
     c76:	80 81       	ld	r24, Z
     c78:	83 60       	ori	r24, 0x03	; 3
     c7a:	80 83       	st	Z, r24
		break;
     c7c:	08 95       	ret
		case 256:
		TCCR1B &= ~((1<<CS12) | (1<<CS11) | (1<<CS10));
     c7e:	e1 e8       	ldi	r30, 0x81	; 129
     c80:	f0 e0       	ldi	r31, 0x00	; 0
     c82:	80 81       	ld	r24, Z
     c84:	88 7f       	andi	r24, 0xF8	; 248
     c86:	80 83       	st	Z, r24
		TCCR1B |= (1<<CS12);
     c88:	80 81       	ld	r24, Z
     c8a:	84 60       	ori	r24, 0x04	; 4
     c8c:	80 83       	st	Z, r24
		break;
     c8e:	08 95       	ret
		case 1024:
		TCCR1B &= ~((1<<CS12) | (1<<CS11) | (1<<CS10));
     c90:	e1 e8       	ldi	r30, 0x81	; 129
     c92:	f0 e0       	ldi	r31, 0x00	; 0
     c94:	80 81       	ld	r24, Z
     c96:	88 7f       	andi	r24, 0xF8	; 248
     c98:	80 83       	st	Z, r24
		TCCR1B |= (1<<CS12) | (1<<CS10);
     c9a:	80 81       	ld	r24, Z
     c9c:	85 60       	ori	r24, 0x05	; 5
     c9e:	80 83       	st	Z, r24
		break;
     ca0:	08 95       	ret
		default:
		TCCR1B &= ~((1<<CS12) | (1<<CS11) | (1<<CS10));
     ca2:	e1 e8       	ldi	r30, 0x81	; 129
     ca4:	f0 e0       	ldi	r31, 0x00	; 0
     ca6:	80 81       	ld	r24, Z
     ca8:	88 7f       	andi	r24, 0xF8	; 248
     caa:	80 83       	st	Z, r24
		TCCR1B |= (1<<CS10);	//Prescaler de 1 predeterminado
     cac:	80 81       	ld	r24, Z
     cae:	81 60       	ori	r24, 0x01	; 1
     cb0:	80 83       	st	Z, r24
     cb2:	08 95       	ret

00000cb4 <PWM1B>:
 * Created: 3/05/2026 21:01:31
 *  Author: Diego
 */ 
#include "PWM1B.h"
void PWM1B(uint8_t modo, int prescaler, uint8_t invert)
{
     cb4:	e8 2f       	mov	r30, r24
	DDRB |= (1<<DDB2); //Enciende el puerto correspondiente
     cb6:	84 b1       	in	r24, 0x04	; 4
     cb8:	84 60       	ori	r24, 0x04	; 4
     cba:	84 b9       	out	0x04, r24	; 4
	if (invert == invertido) //Configura si está o no invertido
     cbc:	41 11       	cpse	r20, r1
     cbe:	09 c0       	rjmp	.+18     	; 0xcd2 <PWM1B+0x1e>
	{
		TCCR1A &= ~((1<<COM1A0) | (1<<COM1A1));
     cc0:	a0 e8       	ldi	r26, 0x80	; 128
     cc2:	b0 e0       	ldi	r27, 0x00	; 0
     cc4:	8c 91       	ld	r24, X
     cc6:	8f 73       	andi	r24, 0x3F	; 63
     cc8:	8c 93       	st	X, r24
		TCCR1A |= (1<<COM1A0) | (1<<COM1A1);
     cca:	8c 91       	ld	r24, X
     ccc:	80 6c       	ori	r24, 0xC0	; 192
     cce:	8c 93       	st	X, r24
     cd0:	08 c0       	rjmp	.+16     	; 0xce2 <PWM1B+0x2e>
		} else {
		TCCR1A &= ~((1<<COM1A0) | (1<<COM1A1));
     cd2:	a0 e8       	ldi	r26, 0x80	; 128
     cd4:	b0 e0       	ldi	r27, 0x00	; 0
     cd6:	8c 91       	ld	r24, X
     cd8:	8f 73       	andi	r24, 0x3F	; 63
     cda:	8c 93       	st	X, r24
		TCCR1A |= (1<<COM1A1); //De forma predeterminada está en no invertido
     cdc:	8c 91       	ld	r24, X
     cde:	80 68       	ori	r24, 0x80	; 128
     ce0:	8c 93       	st	X, r24
	}
	switch (modo) //Configura el modo
     ce2:	8e 2f       	mov	r24, r30
     ce4:	90 e0       	ldi	r25, 0x00	; 0
     ce6:	8d 30       	cpi	r24, 0x0D	; 13
     ce8:	91 05       	cpc	r25, r1
     cea:	08 f0       	brcs	.+2      	; 0xcee <PWM1B+0x3a>
     cec:	c4 c0       	rjmp	.+392    	; 0xe76 <PWM1B+0x1c2>
     cee:	fc 01       	movw	r30, r24
     cf0:	ec 5a       	subi	r30, 0xAC	; 172
     cf2:	ff 4f       	sbci	r31, 0xFF	; 255
     cf4:	0c 94 48 0a 	jmp	0x1490	; 0x1490 <__tablejump2__>
	{
		case phase_correct_8:
		TCCR1A &= ~((1<<WGM11) | (1<<WGM10));
     cf8:	e0 e8       	ldi	r30, 0x80	; 128
     cfa:	f0 e0       	ldi	r31, 0x00	; 0
     cfc:	80 81       	ld	r24, Z
     cfe:	8c 7f       	andi	r24, 0xFC	; 252
     d00:	80 83       	st	Z, r24
		TCCR1B &= ~((1<<WGM13) | (1<<WGM12));
     d02:	a1 e8       	ldi	r26, 0x81	; 129
     d04:	b0 e0       	ldi	r27, 0x00	; 0
     d06:	8c 91       	ld	r24, X
     d08:	87 7e       	andi	r24, 0xE7	; 231
     d0a:	8c 93       	st	X, r24
		TCCR1A |= (1<<WGM10);
     d0c:	80 81       	ld	r24, Z
     d0e:	81 60       	ori	r24, 0x01	; 1
     d10:	80 83       	st	Z, r24
		break;
     d12:	b1 c0       	rjmp	.+354    	; 0xe76 <PWM1B+0x1c2>
		case phase_correct_9:
		TCCR1A &= ~((1<<WGM11) | (1<<WGM10));
     d14:	e0 e8       	ldi	r30, 0x80	; 128
     d16:	f0 e0       	ldi	r31, 0x00	; 0
     d18:	80 81       	ld	r24, Z
     d1a:	8c 7f       	andi	r24, 0xFC	; 252
     d1c:	80 83       	st	Z, r24
		TCCR1B &= ~((1<<WGM13) | (1<<WGM12));
     d1e:	a1 e8       	ldi	r26, 0x81	; 129
     d20:	b0 e0       	ldi	r27, 0x00	; 0
     d22:	8c 91       	ld	r24, X
     d24:	87 7e       	andi	r24, 0xE7	; 231
     d26:	8c 93       	st	X, r24
		TCCR1A |= (1<<WGM11);
     d28:	80 81       	ld	r24, Z
     d2a:	82 60       	ori	r24, 0x02	; 2
     d2c:	80 83       	st	Z, r24
		break;
     d2e:	a3 c0       	rjmp	.+326    	; 0xe76 <PWM1B+0x1c2>
		case phase_correct_10:
		TCCR1A &= ~((1<<WGM11) | (1<<WGM10));
     d30:	e0 e8       	ldi	r30, 0x80	; 128
     d32:	f0 e0       	ldi	r31, 0x00	; 0
     d34:	80 81       	ld	r24, Z
     d36:	8c 7f       	andi	r24, 0xFC	; 252
     d38:	80 83       	st	Z, r24
		TCCR1B &= ~((1<<WGM13) | (1<<WGM12));
     d3a:	a1 e8       	ldi	r26, 0x81	; 129
     d3c:	b0 e0       	ldi	r27, 0x00	; 0
     d3e:	8c 91       	ld	r24, X
     d40:	87 7e       	andi	r24, 0xE7	; 231
     d42:	8c 93       	st	X, r24
		TCCR1A |= (1<<WGM11)|(1<<WGM10);
     d44:	80 81       	ld	r24, Z
     d46:	83 60       	ori	r24, 0x03	; 3
     d48:	80 83       	st	Z, r24
		break;
     d4a:	95 c0       	rjmp	.+298    	; 0xe76 <PWM1B+0x1c2>
		case fast_8:
		TCCR1A &= ~((1<<WGM11) | (1<<WGM10));
     d4c:	e0 e8       	ldi	r30, 0x80	; 128
     d4e:	f0 e0       	ldi	r31, 0x00	; 0
     d50:	80 81       	ld	r24, Z
     d52:	8c 7f       	andi	r24, 0xFC	; 252
     d54:	80 83       	st	Z, r24
		TCCR1B &= ~((1<<WGM13) | (1<<WGM12));
     d56:	a1 e8       	ldi	r26, 0x81	; 129
     d58:	b0 e0       	ldi	r27, 0x00	; 0
     d5a:	8c 91       	ld	r24, X
     d5c:	87 7e       	andi	r24, 0xE7	; 231
     d5e:	8c 93       	st	X, r24
		TCCR1B |= (1<<WGM12);
     d60:	8c 91       	ld	r24, X
     d62:	88 60       	ori	r24, 0x08	; 8
     d64:	8c 93       	st	X, r24
		TCCR1A |= (1<<WGM10);
     d66:	80 81       	ld	r24, Z
     d68:	81 60       	ori	r24, 0x01	; 1
     d6a:	80 83       	st	Z, r24
		break;
     d6c:	84 c0       	rjmp	.+264    	; 0xe76 <PWM1B+0x1c2>
		case fast_9:
		TCCR1A &= ~((1<<WGM11) | (1<<WGM10));
     d6e:	e0 e8       	ldi	r30, 0x80	; 128
     d70:	f0 e0       	ldi	r31, 0x00	; 0
     d72:	80 81       	ld	r24, Z
     d74:	8c 7f       	andi	r24, 0xFC	; 252
     d76:	80 83       	st	Z, r24
		TCCR1B &= ~((1<<WGM13) | (1<<WGM12));
     d78:	a1 e8       	ldi	r26, 0x81	; 129
     d7a:	b0 e0       	ldi	r27, 0x00	; 0
     d7c:	8c 91       	ld	r24, X
     d7e:	87 7e       	andi	r24, 0xE7	; 231
     d80:	8c 93       	st	X, r24
		TCCR1B |= (1<<WGM12);
     d82:	8c 91       	ld	r24, X
     d84:	88 60       	ori	r24, 0x08	; 8
     d86:	8c 93       	st	X, r24
		TCCR1A |= (1<<WGM11);
     d88:	80 81       	ld	r24, Z
     d8a:	82 60       	ori	r24, 0x02	; 2
     d8c:	80 83       	st	Z, r24
		break;
     d8e:	73 c0       	rjmp	.+230    	; 0xe76 <PWM1B+0x1c2>
		case fast_10:
		TCCR1A &= ~((1<<WGM11) | (1<<WGM10));
     d90:	e0 e8       	ldi	r30, 0x80	; 128
     d92:	f0 e0       	ldi	r31, 0x00	; 0
     d94:	80 81       	ld	r24, Z
     d96:	8c 7f       	andi	r24, 0xFC	; 252
     d98:	80 83       	st	Z, r24
		TCCR1B &= ~((1<<WGM13) | (1<<WGM12));
     d9a:	a1 e8       	ldi	r26, 0x81	; 129
     d9c:	b0 e0       	ldi	r27, 0x00	; 0
     d9e:	8c 91       	ld	r24, X
     da0:	87 7e       	andi	r24, 0xE7	; 231
     da2:	8c 93       	st	X, r24
		TCCR1B |= (1<<WGM12);
     da4:	8c 91       	ld	r24, X
     da6:	88 60       	ori	r24, 0x08	; 8
     da8:	8c 93       	st	X, r24
		TCCR1A |= (1<<WGM11)|(1<<WGM10);
     daa:	80 81       	ld	r24, Z
     dac:	83 60       	ori	r24, 0x03	; 3
     dae:	80 83       	st	Z, r24
		break;
     db0:	62 c0       	rjmp	.+196    	; 0xe76 <PWM1B+0x1c2>
		case phase_frequency_I:
		TCCR1A &= ~((1<<WGM11) | (1<<WGM10));
     db2:	e0 e8       	ldi	r30, 0x80	; 128
     db4:	f0 e0       	ldi	r31, 0x00	; 0
     db6:	80 81       	ld	r24, Z
     db8:	8c 7f       	andi	r24, 0xFC	; 252
     dba:	80 83       	st	Z, r24
		TCCR1B &= ~((1<<WGM13) | (1<<WGM12));
     dbc:	e1 e8       	ldi	r30, 0x81	; 129
     dbe:	f0 e0       	ldi	r31, 0x00	; 0
     dc0:	80 81       	ld	r24, Z
     dc2:	87 7e       	andi	r24, 0xE7	; 231
     dc4:	80 83       	st	Z, r24
		TCCR1B |= (1<<WGM13);
     dc6:	80 81       	ld	r24, Z
     dc8:	80 61       	ori	r24, 0x10	; 16
     dca:	80 83       	st	Z, r24
		break;
     dcc:	54 c0       	rjmp	.+168    	; 0xe76 <PWM1B+0x1c2>
		case phase_frequency_O:
		TCCR1A &= ~((1<<WGM11) | (1<<WGM10));
     dce:	e0 e8       	ldi	r30, 0x80	; 128
     dd0:	f0 e0       	ldi	r31, 0x00	; 0
     dd2:	80 81       	ld	r24, Z
     dd4:	8c 7f       	andi	r24, 0xFC	; 252
     dd6:	80 83       	st	Z, r24
		TCCR1B &= ~((1<<WGM13) | (1<<WGM12));
     dd8:	a1 e8       	ldi	r26, 0x81	; 129
     dda:	b0 e0       	ldi	r27, 0x00	; 0
     ddc:	8c 91       	ld	r24, X
     dde:	87 7e       	andi	r24, 0xE7	; 231
     de0:	8c 93       	st	X, r24
		TCCR1B |= (1<<WGM13);
     de2:	8c 91       	ld	r24, X
     de4:	80 61       	ori	r24, 0x10	; 16
     de6:	8c 93       	st	X, r24
		TCCR1A |= (1<<WGM10);
     de8:	80 81       	ld	r24, Z
     dea:	81 60       	ori	r24, 0x01	; 1
     dec:	80 83       	st	Z, r24
		break;
     dee:	43 c0       	rjmp	.+134    	; 0xe76 <PWM1B+0x1c2>
		case phase_correct_I:
		TCCR1A &= ~((1<<WGM11) | (1<<WGM10));
     df0:	e0 e8       	ldi	r30, 0x80	; 128
     df2:	f0 e0       	ldi	r31, 0x00	; 0
     df4:	80 81       	ld	r24, Z
     df6:	8c 7f       	andi	r24, 0xFC	; 252
     df8:	80 83       	st	Z, r24
		TCCR1B &= ~((1<<WGM13) | (1<<WGM12));
     dfa:	a1 e8       	ldi	r26, 0x81	; 129
     dfc:	b0 e0       	ldi	r27, 0x00	; 0
     dfe:	8c 91       	ld	r24, X
     e00:	87 7e       	andi	r24, 0xE7	; 231
     e02:	8c 93       	st	X, r24
		TCCR1B |= (1<<WGM13);
     e04:	8c 91       	ld	r24, X
     e06:	80 61       	ori	r24, 0x10	; 16
     e08:	8c 93       	st	X, r24
		TCCR1A |= (1<<WGM11);
     e0a:	80 81       	ld	r24, Z
     e0c:	82 60       	ori	r24, 0x02	; 2
     e0e:	80 83       	st	Z, r24
		break;
     e10:	32 c0       	rjmp	.+100    	; 0xe76 <PWM1B+0x1c2>
		case phase_correct_O:
		TCCR1A &= ~((1<<WGM11) | (1<<WGM10));
     e12:	e0 e8       	ldi	r30, 0x80	; 128
     e14:	f0 e0       	ldi	r31, 0x00	; 0
     e16:	80 81       	ld	r24, Z
     e18:	8c 7f       	andi	r24, 0xFC	; 252
     e1a:	80 83       	st	Z, r24
		TCCR1B &= ~((1<<WGM13) | (1<<WGM12));
     e1c:	a1 e8       	ldi	r26, 0x81	; 129
     e1e:	b0 e0       	ldi	r27, 0x00	; 0
     e20:	8c 91       	ld	r24, X
     e22:	87 7e       	andi	r24, 0xE7	; 231
     e24:	8c 93       	st	X, r24
		TCCR1B |= (1<<WGM13);
     e26:	8c 91       	ld	r24, X
     e28:	80 61       	ori	r24, 0x10	; 16
     e2a:	8c 93       	st	X, r24
		TCCR1A |= (1<<WGM11)|(1<<WGM10);
     e2c:	80 81       	ld	r24, Z
     e2e:	83 60       	ori	r24, 0x03	; 3
     e30:	80 83       	st	Z, r24
		break;
     e32:	21 c0       	rjmp	.+66     	; 0xe76 <PWM1B+0x1c2>
		case fast_I:
		TCCR1A &= ~((1<<WGM11) | (1<<WGM10));
     e34:	e0 e8       	ldi	r30, 0x80	; 128
     e36:	f0 e0       	ldi	r31, 0x00	; 0
     e38:	80 81       	ld	r24, Z
     e3a:	8c 7f       	andi	r24, 0xFC	; 252
     e3c:	80 83       	st	Z, r24
		TCCR1B &= ~((1<<WGM13) | (1<<WGM12));
     e3e:	a1 e8       	ldi	r26, 0x81	; 129
     e40:	b0 e0       	ldi	r27, 0x00	; 0
     e42:	8c 91       	ld	r24, X
     e44:	87 7e       	andi	r24, 0xE7	; 231
     e46:	8c 93       	st	X, r24
		TCCR1B |= (1<<WGM13)|(1<<WGM12);
     e48:	8c 91       	ld	r24, X
     e4a:	88 61       	ori	r24, 0x18	; 24
     e4c:	8c 93       	st	X, r24
		TCCR1A |= (1<<WGM11);
     e4e:	80 81       	ld	r24, Z
     e50:	82 60       	ori	r24, 0x02	; 2
     e52:	80 83       	st	Z, r24
		break;
     e54:	10 c0       	rjmp	.+32     	; 0xe76 <PWM1B+0x1c2>
		case fast_O:
		TCCR1A &= ~((1<<WGM11) | (1<<WGM10));
     e56:	e0 e8       	ldi	r30, 0x80	; 128
     e58:	f0 e0       	ldi	r31, 0x00	; 0
     e5a:	80 81       	ld	r24, Z
     e5c:	8c 7f       	andi	r24, 0xFC	; 252
     e5e:	80 83       	st	Z, r24
		TCCR1B &= ~((1<<WGM13) | (1<<WGM12));
     e60:	a1 e8       	ldi	r26, 0x81	; 129
     e62:	b0 e0       	ldi	r27, 0x00	; 0
     e64:	8c 91       	ld	r24, X
     e66:	87 7e       	andi	r24, 0xE7	; 231
     e68:	8c 93       	st	X, r24
		TCCR1B |= (1<<WGM13)|(1<<WGM12);
     e6a:	8c 91       	ld	r24, X
     e6c:	88 61       	ori	r24, 0x18	; 24
     e6e:	8c 93       	st	X, r24
		TCCR1A |= (1<<WGM11)|(1<<WGM10);
     e70:	80 81       	ld	r24, Z
     e72:	83 60       	ori	r24, 0x03	; 3
     e74:	80 83       	st	Z, r24
		break;
	}
	switch (prescaler) {	//Configura el prescaler
     e76:	60 34       	cpi	r22, 0x40	; 64
     e78:	71 05       	cpc	r23, r1
     e7a:	b1 f0       	breq	.+44     	; 0xea8 <PWM1B+0x1f4>
     e7c:	24 f4       	brge	.+8      	; 0xe86 <PWM1B+0x1d2>
     e7e:	68 30       	cpi	r22, 0x08	; 8
     e80:	71 05       	cpc	r23, r1
     e82:	49 f0       	breq	.+18     	; 0xe96 <PWM1B+0x1e2>
     e84:	2c c0       	rjmp	.+88     	; 0xede <PWM1B+0x22a>
     e86:	61 15       	cp	r22, r1
     e88:	81 e0       	ldi	r24, 0x01	; 1
     e8a:	78 07       	cpc	r23, r24
     e8c:	b1 f0       	breq	.+44     	; 0xeba <PWM1B+0x206>
     e8e:	61 15       	cp	r22, r1
     e90:	74 40       	sbci	r23, 0x04	; 4
     e92:	e1 f0       	breq	.+56     	; 0xecc <PWM1B+0x218>
     e94:	24 c0       	rjmp	.+72     	; 0xede <PWM1B+0x22a>
		case 8:
		TCCR1B &= ~((1<<CS12) | (1<<CS11) | (1<<CS10));
     e96:	e1 e8       	ldi	r30, 0x81	; 129
     e98:	f0 e0       	ldi	r31, 0x00	; 0
     e9a:	80 81       	ld	r24, Z
     e9c:	88 7f       	andi	r24, 0xF8	; 248
     e9e:	80 83       	st	Z, r24
		TCCR1B |= (1<<CS11);
     ea0:	80 81       	ld	r24, Z
     ea2:	82 60       	ori	r24, 0x02	; 2
     ea4:	80 83       	st	Z, r24
		break;
     ea6:	08 95       	ret
		case 64:
		TCCR1B &= ~((1<<CS12) | (1<<CS11) | (1<<CS10));
     ea8:	e1 e8       	ldi	r30, 0x81	; 129
     eaa:	f0 e0       	ldi	r31, 0x00	; 0
     eac:	80 81       	ld	r24, Z
     eae:	88 7f       	andi	r24, 0xF8	; 248
     eb0:	80 83       	st	Z, r24
		TCCR1B |= (1<<CS11) | (1<<CS10);
     eb2:	80 81       	ld	r24, Z
     eb4:	83 60       	ori	r24, 0x03	; 3
     eb6:	80 83       	st	Z, r24
		break;
     eb8:	08 95       	ret
		case 256:
		TCCR1B &= ~((1<<CS12) | (1<<CS11) | (1<<CS10));
     eba:	e1 e8       	ldi	r30, 0x81	; 129
     ebc:	f0 e0       	ldi	r31, 0x00	; 0
     ebe:	80 81       	ld	r24, Z
     ec0:	88 7f       	andi	r24, 0xF8	; 248
     ec2:	80 83       	st	Z, r24
		TCCR1B |= (1<<CS12);
     ec4:	80 81       	ld	r24, Z
     ec6:	84 60       	ori	r24, 0x04	; 4
     ec8:	80 83       	st	Z, r24
		break;
     eca:	08 95       	ret
		case 1024:
		TCCR1B &= ~((1<<CS12) | (1<<CS11) | (1<<CS10));
     ecc:	e1 e8       	ldi	r30, 0x81	; 129
     ece:	f0 e0       	ldi	r31, 0x00	; 0
     ed0:	80 81       	ld	r24, Z
     ed2:	88 7f       	andi	r24, 0xF8	; 248
     ed4:	80 83       	st	Z, r24
		TCCR1B |= (1<<CS12) | (1<<CS10);
     ed6:	80 81       	ld	r24, Z
     ed8:	85 60       	ori	r24, 0x05	; 5
     eda:	80 83       	st	Z, r24
		break;
     edc:	08 95       	ret
		default:
		TCCR1B &= ~((1<<CS12) | (1<<CS11) | (1<<CS10));
     ede:	e1 e8       	ldi	r30, 0x81	; 129
     ee0:	f0 e0       	ldi	r31, 0x00	; 0
     ee2:	80 81       	ld	r24, Z
     ee4:	88 7f       	andi	r24, 0xF8	; 248
     ee6:	80 83       	st	Z, r24
		TCCR1B |= (1<<CS10);	//Prescaler de 1 predeterminado
     ee8:	80 81       	ld	r24, Z
     eea:	81 60       	ori	r24, 0x01	; 1
     eec:	80 83       	st	Z, r24
     eee:	08 95       	ret

00000ef0 <initUART>:
	{
		writeChar(string[i]);
	}
}
void initUART(uint8_t speed, uint8_t multiple_p, uint8_t INT_TX, uint8_t INT_RX, uint8_t INT_UDR0, uint8_t recibir, uint8_t transmitir, uint8_t character_size, uint8_t modo, uint8_t paridad, uint8_t stop_bit, uint8_t clock_pol, uint16_t BAUD_VALUE)
{
     ef0:	8f 92       	push	r8
     ef2:	af 92       	push	r10
     ef4:	cf 92       	push	r12
     ef6:	ef 92       	push	r14
     ef8:	0f 93       	push	r16
     efa:	cf 93       	push	r28
     efc:	df 93       	push	r29
     efe:	cd b7       	in	r28, 0x3d	; 61
     f00:	de b7       	in	r29, 0x3e	; 62
     f02:	9a 2d       	mov	r25, r10
     f04:	78 2d       	mov	r23, r8
     f06:	5a 85       	ldd	r21, Y+10	; 0x0a
	//Configurar RX (PD0) y TX (PD1)
	DDRD	&= ~(1<<DDD0);
     f08:	3a b1       	in	r19, 0x0a	; 10
     f0a:	3e 7f       	andi	r19, 0xFE	; 254
     f0c:	3a b9       	out	0x0a, r19	; 10
	DDRD	|= (1<<DDD1);
     f0e:	3a b1       	in	r19, 0x0a	; 10
     f10:	32 60       	ori	r19, 0x02	; 2
     f12:	3a b9       	out	0x0a, r19	; 10
	if (speed == doble)
     f14:	81 30       	cpi	r24, 0x01	; 1
     f16:	31 f4       	brne	.+12     	; 0xf24 <initUART+0x34>
	{
		UCSR0A |= (1<<U2X0);
     f18:	e0 ec       	ldi	r30, 0xC0	; 192
     f1a:	f0 e0       	ldi	r31, 0x00	; 0
     f1c:	80 81       	ld	r24, Z
     f1e:	82 60       	ori	r24, 0x02	; 2
     f20:	80 83       	st	Z, r24
     f22:	05 c0       	rjmp	.+10     	; 0xf2e <initUART+0x3e>
	} 
	else
	{
		UCSR0A &= ~(1<<U2X0);
     f24:	e0 ec       	ldi	r30, 0xC0	; 192
     f26:	f0 e0       	ldi	r31, 0x00	; 0
     f28:	80 81       	ld	r24, Z
     f2a:	8d 7f       	andi	r24, 0xFD	; 253
     f2c:	80 83       	st	Z, r24
	}
	if (multiple_p == multi)
     f2e:	61 30       	cpi	r22, 0x01	; 1
     f30:	31 f4       	brne	.+12     	; 0xf3e <initUART+0x4e>
	{
		UCSR0A |= (1<<MPCM0);
     f32:	e0 ec       	ldi	r30, 0xC0	; 192
     f34:	f0 e0       	ldi	r31, 0x00	; 0
     f36:	80 81       	ld	r24, Z
     f38:	81 60       	ori	r24, 0x01	; 1
     f3a:	80 83       	st	Z, r24
     f3c:	05 c0       	rjmp	.+10     	; 0xf48 <initUART+0x58>
	} 
	else
	{
		UCSR0A &= ~(1<<MPCM0);
     f3e:	e0 ec       	ldi	r30, 0xC0	; 192
     f40:	f0 e0       	ldi	r31, 0x00	; 0
     f42:	80 81       	ld	r24, Z
     f44:	8e 7f       	andi	r24, 0xFE	; 254
     f46:	80 83       	st	Z, r24
	}
	if (INT_RX == activado)
     f48:	21 30       	cpi	r18, 0x01	; 1
     f4a:	31 f4       	brne	.+12     	; 0xf58 <initUART+0x68>
	{
		UCSR0B |= (1<<RXCIE0);
     f4c:	e1 ec       	ldi	r30, 0xC1	; 193
     f4e:	f0 e0       	ldi	r31, 0x00	; 0
     f50:	80 81       	ld	r24, Z
     f52:	80 68       	ori	r24, 0x80	; 128
     f54:	80 83       	st	Z, r24
     f56:	05 c0       	rjmp	.+10     	; 0xf62 <initUART+0x72>
	}
	else
	{
		UCSR0B &= ~(1<<RXCIE0);
     f58:	e1 ec       	ldi	r30, 0xC1	; 193
     f5a:	f0 e0       	ldi	r31, 0x00	; 0
     f5c:	80 81       	ld	r24, Z
     f5e:	8f 77       	andi	r24, 0x7F	; 127
     f60:	80 83       	st	Z, r24
	}
	if (INT_TX == activado)
     f62:	41 30       	cpi	r20, 0x01	; 1
     f64:	31 f4       	brne	.+12     	; 0xf72 <initUART+0x82>
	{
		UCSR0B |= (1<<TXCIE0);
     f66:	e1 ec       	ldi	r30, 0xC1	; 193
     f68:	f0 e0       	ldi	r31, 0x00	; 0
     f6a:	80 81       	ld	r24, Z
     f6c:	80 64       	ori	r24, 0x40	; 64
     f6e:	80 83       	st	Z, r24
     f70:	05 c0       	rjmp	.+10     	; 0xf7c <initUART+0x8c>
	}
	else
	{
		UCSR0B &= ~(1<<TXCIE0);
     f72:	e1 ec       	ldi	r30, 0xC1	; 193
     f74:	f0 e0       	ldi	r31, 0x00	; 0
     f76:	80 81       	ld	r24, Z
     f78:	8f 7b       	andi	r24, 0xBF	; 191
     f7a:	80 83       	st	Z, r24
	}
	if (INT_UDR0 == activado)
     f7c:	01 30       	cpi	r16, 0x01	; 1
     f7e:	31 f4       	brne	.+12     	; 0xf8c <initUART+0x9c>
	{
		UCSR0B |= (1<<UDRIE0);
     f80:	e1 ec       	ldi	r30, 0xC1	; 193
     f82:	f0 e0       	ldi	r31, 0x00	; 0
     f84:	80 81       	ld	r24, Z
     f86:	80 62       	ori	r24, 0x20	; 32
     f88:	80 83       	st	Z, r24
     f8a:	05 c0       	rjmp	.+10     	; 0xf96 <initUART+0xa6>
	}
	else
	{
		UCSR0B &= ~(1<<UDRIE0);
     f8c:	e1 ec       	ldi	r30, 0xC1	; 193
     f8e:	f0 e0       	ldi	r31, 0x00	; 0
     f90:	80 81       	ld	r24, Z
     f92:	8f 7d       	andi	r24, 0xDF	; 223
     f94:	80 83       	st	Z, r24
	}
	if (recibir == activado)
     f96:	81 e0       	ldi	r24, 0x01	; 1
     f98:	e8 12       	cpse	r14, r24
     f9a:	06 c0       	rjmp	.+12     	; 0xfa8 <initUART+0xb8>
	{
		UCSR0B |= (1<<RXEN0);
     f9c:	e1 ec       	ldi	r30, 0xC1	; 193
     f9e:	f0 e0       	ldi	r31, 0x00	; 0
     fa0:	80 81       	ld	r24, Z
     fa2:	80 61       	ori	r24, 0x10	; 16
     fa4:	80 83       	st	Z, r24
     fa6:	05 c0       	rjmp	.+10     	; 0xfb2 <initUART+0xc2>
	}
	else
	{
		UCSR0B &= ~(1<<RXEN0);
     fa8:	e1 ec       	ldi	r30, 0xC1	; 193
     faa:	f0 e0       	ldi	r31, 0x00	; 0
     fac:	80 81       	ld	r24, Z
     fae:	8f 7e       	andi	r24, 0xEF	; 239
     fb0:	80 83       	st	Z, r24
	}
	if (transmitir == activado)
     fb2:	81 e0       	ldi	r24, 0x01	; 1
     fb4:	c8 12       	cpse	r12, r24
     fb6:	06 c0       	rjmp	.+12     	; 0xfc4 <initUART+0xd4>
	{
		UCSR0B |= (1<<TXEN0);
     fb8:	e1 ec       	ldi	r30, 0xC1	; 193
     fba:	f0 e0       	ldi	r31, 0x00	; 0
     fbc:	80 81       	ld	r24, Z
     fbe:	88 60       	ori	r24, 0x08	; 8
     fc0:	80 83       	st	Z, r24
     fc2:	05 c0       	rjmp	.+10     	; 0xfce <initUART+0xde>
	}
	else
	{
		UCSR0B &= ~(1<<TXEN0);
     fc4:	e1 ec       	ldi	r30, 0xC1	; 193
     fc6:	f0 e0       	ldi	r31, 0x00	; 0
     fc8:	80 81       	ld	r24, Z
     fca:	87 7f       	andi	r24, 0xF7	; 247
     fcc:	80 83       	st	Z, r24
	}
	switch (character_size)
     fce:	97 30       	cpi	r25, 0x07	; 7
     fd0:	21 f1       	breq	.+72     	; 0x101a <initUART+0x12a>
     fd2:	28 f4       	brcc	.+10     	; 0xfde <initUART+0xee>
     fd4:	95 30       	cpi	r25, 0x05	; 5
     fd6:	41 f0       	breq	.+16     	; 0xfe8 <initUART+0xf8>
     fd8:	96 30       	cpi	r25, 0x06	; 6
     fda:	89 f0       	breq	.+34     	; 0xffe <initUART+0x10e>
     fdc:	4b c0       	rjmp	.+150    	; 0x1074 <initUART+0x184>
     fde:	98 30       	cpi	r25, 0x08	; 8
     fe0:	51 f1       	breq	.+84     	; 0x1036 <initUART+0x146>
     fe2:	99 30       	cpi	r25, 0x09	; 9
     fe4:	b1 f1       	breq	.+108    	; 0x1052 <initUART+0x162>
     fe6:	46 c0       	rjmp	.+140    	; 0x1074 <initUART+0x184>
	{
		case 5:
		UCSR0B &= ~(1<<UCSZ02);
     fe8:	e1 ec       	ldi	r30, 0xC1	; 193
     fea:	f0 e0       	ldi	r31, 0x00	; 0
     fec:	80 81       	ld	r24, Z
     fee:	8b 7f       	andi	r24, 0xFB	; 251
     ff0:	80 83       	st	Z, r24
		UCSR0C &= ~((1<<UCSZ01)|(1<<UCSZ00));
     ff2:	e2 ec       	ldi	r30, 0xC2	; 194
     ff4:	f0 e0       	ldi	r31, 0x00	; 0
     ff6:	80 81       	ld	r24, Z
     ff8:	89 7f       	andi	r24, 0xF9	; 249
     ffa:	80 83       	st	Z, r24
		break;
     ffc:	48 c0       	rjmp	.+144    	; 0x108e <initUART+0x19e>
		case 6:
		UCSR0B &= ~(1<<UCSZ02);
     ffe:	e1 ec       	ldi	r30, 0xC1	; 193
    1000:	f0 e0       	ldi	r31, 0x00	; 0
    1002:	80 81       	ld	r24, Z
    1004:	8b 7f       	andi	r24, 0xFB	; 251
    1006:	80 83       	st	Z, r24
		UCSR0C &= ~((1<<UCSZ01)|(1<<UCSZ00));
    1008:	e2 ec       	ldi	r30, 0xC2	; 194
    100a:	f0 e0       	ldi	r31, 0x00	; 0
    100c:	80 81       	ld	r24, Z
    100e:	89 7f       	andi	r24, 0xF9	; 249
    1010:	80 83       	st	Z, r24
		UCSR0C |= (1<<UCSZ00);
    1012:	80 81       	ld	r24, Z
    1014:	82 60       	ori	r24, 0x02	; 2
    1016:	80 83       	st	Z, r24
		break;
    1018:	3a c0       	rjmp	.+116    	; 0x108e <initUART+0x19e>
		case 7:
		UCSR0B &= ~(1<<UCSZ02);
    101a:	e1 ec       	ldi	r30, 0xC1	; 193
    101c:	f0 e0       	ldi	r31, 0x00	; 0
    101e:	80 81       	ld	r24, Z
    1020:	8b 7f       	andi	r24, 0xFB	; 251
    1022:	80 83       	st	Z, r24
		UCSR0C &= ~((1<<UCSZ01)|(1<<UCSZ00));
    1024:	e2 ec       	ldi	r30, 0xC2	; 194
    1026:	f0 e0       	ldi	r31, 0x00	; 0
    1028:	80 81       	ld	r24, Z
    102a:	89 7f       	andi	r24, 0xF9	; 249
    102c:	80 83       	st	Z, r24
		UCSR0C |= (1<<UCSZ01);
    102e:	80 81       	ld	r24, Z
    1030:	84 60       	ori	r24, 0x04	; 4
    1032:	80 83       	st	Z, r24
		break;
    1034:	2c c0       	rjmp	.+88     	; 0x108e <initUART+0x19e>
		case 8:
		UCSR0B &= ~(1<<UCSZ02);
    1036:	e1 ec       	ldi	r30, 0xC1	; 193
    1038:	f0 e0       	ldi	r31, 0x00	; 0
    103a:	80 81       	ld	r24, Z
    103c:	8b 7f       	andi	r24, 0xFB	; 251
    103e:	80 83       	st	Z, r24
		UCSR0C &= ~((1<<UCSZ01)|(1<<UCSZ00));
    1040:	e2 ec       	ldi	r30, 0xC2	; 194
    1042:	f0 e0       	ldi	r31, 0x00	; 0
    1044:	80 81       	ld	r24, Z
    1046:	89 7f       	andi	r24, 0xF9	; 249
    1048:	80 83       	st	Z, r24
		UCSR0C |= (1<<UCSZ01)|(1<<UCSZ00);
    104a:	80 81       	ld	r24, Z
    104c:	86 60       	ori	r24, 0x06	; 6
    104e:	80 83       	st	Z, r24
		break;
    1050:	1e c0       	rjmp	.+60     	; 0x108e <initUART+0x19e>
		case 9:
		UCSR0B &= ~(1<<UCSZ02);
    1052:	a1 ec       	ldi	r26, 0xC1	; 193
    1054:	b0 e0       	ldi	r27, 0x00	; 0
    1056:	8c 91       	ld	r24, X
    1058:	8b 7f       	andi	r24, 0xFB	; 251
    105a:	8c 93       	st	X, r24
		UCSR0C &= ~((1<<UCSZ01)|(1<<UCSZ00));
    105c:	e2 ec       	ldi	r30, 0xC2	; 194
    105e:	f0 e0       	ldi	r31, 0x00	; 0
    1060:	80 81       	ld	r24, Z
    1062:	89 7f       	andi	r24, 0xF9	; 249
    1064:	80 83       	st	Z, r24
		UCSR0B |= (1<<UCSZ02);
    1066:	8c 91       	ld	r24, X
    1068:	84 60       	ori	r24, 0x04	; 4
    106a:	8c 93       	st	X, r24
		UCSR0C |= (1<<UCSZ01)|(1<<UCSZ00);
    106c:	80 81       	ld	r24, Z
    106e:	86 60       	ori	r24, 0x06	; 6
    1070:	80 83       	st	Z, r24
		break;
    1072:	0d c0       	rjmp	.+26     	; 0x108e <initUART+0x19e>
		default:
		UCSR0B &= ~(1<<UCSZ02);
    1074:	e1 ec       	ldi	r30, 0xC1	; 193
    1076:	f0 e0       	ldi	r31, 0x00	; 0
    1078:	80 81       	ld	r24, Z
    107a:	8b 7f       	andi	r24, 0xFB	; 251
    107c:	80 83       	st	Z, r24
		UCSR0C &= ~((1<<UCSZ01)|(1<<UCSZ00));
    107e:	e2 ec       	ldi	r30, 0xC2	; 194
    1080:	f0 e0       	ldi	r31, 0x00	; 0
    1082:	80 81       	ld	r24, Z
    1084:	89 7f       	andi	r24, 0xF9	; 249
    1086:	80 83       	st	Z, r24
		UCSR0C |= (1<<UCSZ01)|(1<<UCSZ00);
    1088:	80 81       	ld	r24, Z
    108a:	86 60       	ori	r24, 0x06	; 6
    108c:	80 83       	st	Z, r24
		break;
	}
	switch (modo)	//Seleccionar modo
    108e:	72 30       	cpi	r23, 0x02	; 2
    1090:	51 f0       	breq	.+20     	; 0x10a6 <initUART+0x1b6>
    1092:	73 30       	cpi	r23, 0x03	; 3
    1094:	89 f0       	breq	.+34     	; 0x10b8 <initUART+0x1c8>
    1096:	71 30       	cpi	r23, 0x01	; 1
    1098:	a9 f4       	brne	.+42     	; 0x10c4 <initUART+0x1d4>
	{
		case asincrono:
		UCSR0C &= ~((1<<UMSEL01)|(1<<UMSEL01));
    109a:	e2 ec       	ldi	r30, 0xC2	; 194
    109c:	f0 e0       	ldi	r31, 0x00	; 0
    109e:	80 81       	ld	r24, Z
    10a0:	8f 77       	andi	r24, 0x7F	; 127
    10a2:	80 83       	st	Z, r24
		break;
    10a4:	14 c0       	rjmp	.+40     	; 0x10ce <initUART+0x1de>
		case sincrono:
		UCSR0C &= ~((1<<UMSEL01)|(1<<UMSEL00));
    10a6:	e2 ec       	ldi	r30, 0xC2	; 194
    10a8:	f0 e0       	ldi	r31, 0x00	; 0
    10aa:	80 81       	ld	r24, Z
    10ac:	8f 73       	andi	r24, 0x3F	; 63
    10ae:	80 83       	st	Z, r24
		UCSR0C |= (1<<UMSEL00);
    10b0:	80 81       	ld	r24, Z
    10b2:	80 64       	ori	r24, 0x40	; 64
    10b4:	80 83       	st	Z, r24
		break;
    10b6:	0b c0       	rjmp	.+22     	; 0x10ce <initUART+0x1de>
		case master:
		UCSR0C |= ((1<<UMSEL01)|(1<<UMSEL00));
    10b8:	e2 ec       	ldi	r30, 0xC2	; 194
    10ba:	f0 e0       	ldi	r31, 0x00	; 0
    10bc:	80 81       	ld	r24, Z
    10be:	80 6c       	ori	r24, 0xC0	; 192
    10c0:	80 83       	st	Z, r24
		break;		
    10c2:	05 c0       	rjmp	.+10     	; 0x10ce <initUART+0x1de>
		default:		//Asincrono predeterminado
		UCSR0C &= ~((1<<UMSEL01)|(1<<UMSEL01));
    10c4:	e2 ec       	ldi	r30, 0xC2	; 194
    10c6:	f0 e0       	ldi	r31, 0x00	; 0
    10c8:	80 81       	ld	r24, Z
    10ca:	8f 77       	andi	r24, 0x7F	; 127
    10cc:	80 83       	st	Z, r24
		break;
	}
	switch (paridad)	//Seleccionar paridad
    10ce:	51 30       	cpi	r21, 0x01	; 1
    10d0:	99 f0       	breq	.+38     	; 0x10f8 <initUART+0x208>
    10d2:	18 f0       	brcs	.+6      	; 0x10da <initUART+0x1ea>
    10d4:	52 30       	cpi	r21, 0x02	; 2
    10d6:	39 f0       	breq	.+14     	; 0x10e6 <initUART+0x1f6>
    10d8:	15 c0       	rjmp	.+42     	; 0x1104 <initUART+0x214>
	{
		case desactivado:
		UCSR0C &= ~((1<<UPM00)|(1<<UPM01));
    10da:	e2 ec       	ldi	r30, 0xC2	; 194
    10dc:	f0 e0       	ldi	r31, 0x00	; 0
    10de:	80 81       	ld	r24, Z
    10e0:	8f 7c       	andi	r24, 0xCF	; 207
    10e2:	80 83       	st	Z, r24
		break;
    10e4:	14 c0       	rjmp	.+40     	; 0x110e <initUART+0x21e>
		case par:
		UCSR0C &= ~((1<<UPM00)|(1<<UPM01));
    10e6:	e2 ec       	ldi	r30, 0xC2	; 194
    10e8:	f0 e0       	ldi	r31, 0x00	; 0
    10ea:	80 81       	ld	r24, Z
    10ec:	8f 7c       	andi	r24, 0xCF	; 207
    10ee:	80 83       	st	Z, r24
		UCSR0C |= (1<<UPM01);
    10f0:	80 81       	ld	r24, Z
    10f2:	80 62       	ori	r24, 0x20	; 32
    10f4:	80 83       	st	Z, r24
		break;
    10f6:	0b c0       	rjmp	.+22     	; 0x110e <initUART+0x21e>
		case impar:
		UCSR0C |= ((1<<UPM00)|(1<<UPM01));
    10f8:	e2 ec       	ldi	r30, 0xC2	; 194
    10fa:	f0 e0       	ldi	r31, 0x00	; 0
    10fc:	80 81       	ld	r24, Z
    10fe:	80 63       	ori	r24, 0x30	; 48
    1100:	80 83       	st	Z, r24
		break;
    1102:	05 c0       	rjmp	.+10     	; 0x110e <initUART+0x21e>
		default:
		UCSR0C &= ~((1<<UPM00)|(1<<UPM01));
    1104:	e2 ec       	ldi	r30, 0xC2	; 194
    1106:	f0 e0       	ldi	r31, 0x00	; 0
    1108:	80 81       	ld	r24, Z
    110a:	8f 7c       	andi	r24, 0xCF	; 207
    110c:	80 83       	st	Z, r24
		break;
	}
	if (stop_bit == 2)		//1 o 2 stop bits
    110e:	8b 85       	ldd	r24, Y+11	; 0x0b
    1110:	82 30       	cpi	r24, 0x02	; 2
    1112:	31 f4       	brne	.+12     	; 0x1120 <initUART+0x230>
	{
		UCSR0C |= (1<<USBS0);
    1114:	e2 ec       	ldi	r30, 0xC2	; 194
    1116:	f0 e0       	ldi	r31, 0x00	; 0
    1118:	80 81       	ld	r24, Z
    111a:	88 60       	ori	r24, 0x08	; 8
    111c:	80 83       	st	Z, r24
    111e:	05 c0       	rjmp	.+10     	; 0x112a <initUART+0x23a>
	} 
	else
	{
		UCSR0C &= ~(1<<USBS0);
    1120:	e2 ec       	ldi	r30, 0xC2	; 194
    1122:	f0 e0       	ldi	r31, 0x00	; 0
    1124:	80 81       	ld	r24, Z
    1126:	87 7f       	andi	r24, 0xF7	; 247
    1128:	80 83       	st	Z, r24
	}
	if (clock_pol == subida) //En subida o bajada
    112a:	8c 85       	ldd	r24, Y+12	; 0x0c
    112c:	81 11       	cpse	r24, r1
    112e:	06 c0       	rjmp	.+12     	; 0x113c <initUART+0x24c>
	{
		UCSR0C |= (1<<UCPOL0);
    1130:	e2 ec       	ldi	r30, 0xC2	; 194
    1132:	f0 e0       	ldi	r31, 0x00	; 0
    1134:	80 81       	ld	r24, Z
    1136:	81 60       	ori	r24, 0x01	; 1
    1138:	80 83       	st	Z, r24
    113a:	05 c0       	rjmp	.+10     	; 0x1146 <initUART+0x256>
	} 
	else
	{
		UCSR0C &= ~(1<<UCPOL0);
    113c:	e2 ec       	ldi	r30, 0xC2	; 194
    113e:	f0 e0       	ldi	r31, 0x00	; 0
    1140:	80 81       	ld	r24, Z
    1142:	8e 7f       	andi	r24, 0xFE	; 254
    1144:	80 83       	st	Z, r24
	}
	UBRR0 = BAUD_VALUE;
    1146:	8d 85       	ldd	r24, Y+13	; 0x0d
    1148:	9e 85       	ldd	r25, Y+14	; 0x0e
    114a:	90 93 c5 00 	sts	0x00C5, r25	; 0x8000c5 <__TEXT_REGION_LENGTH__+0x7f80c5>
    114e:	80 93 c4 00 	sts	0x00C4, r24	; 0x8000c4 <__TEXT_REGION_LENGTH__+0x7f80c4>
    1152:	df 91       	pop	r29
    1154:	cf 91       	pop	r28
    1156:	0f 91       	pop	r16
    1158:	ef 90       	pop	r14
    115a:	cf 90       	pop	r12
    115c:	af 90       	pop	r10
    115e:	8f 90       	pop	r8
    1160:	08 95       	ret

00001162 <__subsf3>:
    1162:	50 58       	subi	r21, 0x80	; 128

00001164 <__addsf3>:
    1164:	bb 27       	eor	r27, r27
    1166:	aa 27       	eor	r26, r26
    1168:	0e 94 c9 08 	call	0x1192	; 0x1192 <__addsf3x>
    116c:	0c 94 a1 09 	jmp	0x1342	; 0x1342 <__fp_round>
    1170:	0e 94 93 09 	call	0x1326	; 0x1326 <__fp_pscA>
    1174:	38 f0       	brcs	.+14     	; 0x1184 <__addsf3+0x20>
    1176:	0e 94 9a 09 	call	0x1334	; 0x1334 <__fp_pscB>
    117a:	20 f0       	brcs	.+8      	; 0x1184 <__addsf3+0x20>
    117c:	39 f4       	brne	.+14     	; 0x118c <__addsf3+0x28>
    117e:	9f 3f       	cpi	r25, 0xFF	; 255
    1180:	19 f4       	brne	.+6      	; 0x1188 <__addsf3+0x24>
    1182:	26 f4       	brtc	.+8      	; 0x118c <__addsf3+0x28>
    1184:	0c 94 90 09 	jmp	0x1320	; 0x1320 <__fp_nan>
    1188:	0e f4       	brtc	.+2      	; 0x118c <__addsf3+0x28>
    118a:	e0 95       	com	r30
    118c:	e7 fb       	bst	r30, 7
    118e:	0c 94 8a 09 	jmp	0x1314	; 0x1314 <__fp_inf>

00001192 <__addsf3x>:
    1192:	e9 2f       	mov	r30, r25
    1194:	0e 94 b2 09 	call	0x1364	; 0x1364 <__fp_split3>
    1198:	58 f3       	brcs	.-42     	; 0x1170 <__addsf3+0xc>
    119a:	ba 17       	cp	r27, r26
    119c:	62 07       	cpc	r22, r18
    119e:	73 07       	cpc	r23, r19
    11a0:	84 07       	cpc	r24, r20
    11a2:	95 07       	cpc	r25, r21
    11a4:	20 f0       	brcs	.+8      	; 0x11ae <__addsf3x+0x1c>
    11a6:	79 f4       	brne	.+30     	; 0x11c6 <__addsf3x+0x34>
    11a8:	a6 f5       	brtc	.+104    	; 0x1212 <__addsf3x+0x80>
    11aa:	0c 94 d4 09 	jmp	0x13a8	; 0x13a8 <__fp_zero>
    11ae:	0e f4       	brtc	.+2      	; 0x11b2 <__addsf3x+0x20>
    11b0:	e0 95       	com	r30
    11b2:	0b 2e       	mov	r0, r27
    11b4:	ba 2f       	mov	r27, r26
    11b6:	a0 2d       	mov	r26, r0
    11b8:	0b 01       	movw	r0, r22
    11ba:	b9 01       	movw	r22, r18
    11bc:	90 01       	movw	r18, r0
    11be:	0c 01       	movw	r0, r24
    11c0:	ca 01       	movw	r24, r20
    11c2:	a0 01       	movw	r20, r0
    11c4:	11 24       	eor	r1, r1
    11c6:	ff 27       	eor	r31, r31
    11c8:	59 1b       	sub	r21, r25
    11ca:	99 f0       	breq	.+38     	; 0x11f2 <__addsf3x+0x60>
    11cc:	59 3f       	cpi	r21, 0xF9	; 249
    11ce:	50 f4       	brcc	.+20     	; 0x11e4 <__addsf3x+0x52>
    11d0:	50 3e       	cpi	r21, 0xE0	; 224
    11d2:	68 f1       	brcs	.+90     	; 0x122e <__addsf3x+0x9c>
    11d4:	1a 16       	cp	r1, r26
    11d6:	f0 40       	sbci	r31, 0x00	; 0
    11d8:	a2 2f       	mov	r26, r18
    11da:	23 2f       	mov	r18, r19
    11dc:	34 2f       	mov	r19, r20
    11de:	44 27       	eor	r20, r20
    11e0:	58 5f       	subi	r21, 0xF8	; 248
    11e2:	f3 cf       	rjmp	.-26     	; 0x11ca <__addsf3x+0x38>
    11e4:	46 95       	lsr	r20
    11e6:	37 95       	ror	r19
    11e8:	27 95       	ror	r18
    11ea:	a7 95       	ror	r26
    11ec:	f0 40       	sbci	r31, 0x00	; 0
    11ee:	53 95       	inc	r21
    11f0:	c9 f7       	brne	.-14     	; 0x11e4 <__addsf3x+0x52>
    11f2:	7e f4       	brtc	.+30     	; 0x1212 <__addsf3x+0x80>
    11f4:	1f 16       	cp	r1, r31
    11f6:	ba 0b       	sbc	r27, r26
    11f8:	62 0b       	sbc	r22, r18
    11fa:	73 0b       	sbc	r23, r19
    11fc:	84 0b       	sbc	r24, r20
    11fe:	ba f0       	brmi	.+46     	; 0x122e <__addsf3x+0x9c>
    1200:	91 50       	subi	r25, 0x01	; 1
    1202:	a1 f0       	breq	.+40     	; 0x122c <__addsf3x+0x9a>
    1204:	ff 0f       	add	r31, r31
    1206:	bb 1f       	adc	r27, r27
    1208:	66 1f       	adc	r22, r22
    120a:	77 1f       	adc	r23, r23
    120c:	88 1f       	adc	r24, r24
    120e:	c2 f7       	brpl	.-16     	; 0x1200 <__addsf3x+0x6e>
    1210:	0e c0       	rjmp	.+28     	; 0x122e <__addsf3x+0x9c>
    1212:	ba 0f       	add	r27, r26
    1214:	62 1f       	adc	r22, r18
    1216:	73 1f       	adc	r23, r19
    1218:	84 1f       	adc	r24, r20
    121a:	48 f4       	brcc	.+18     	; 0x122e <__addsf3x+0x9c>
    121c:	87 95       	ror	r24
    121e:	77 95       	ror	r23
    1220:	67 95       	ror	r22
    1222:	b7 95       	ror	r27
    1224:	f7 95       	ror	r31
    1226:	9e 3f       	cpi	r25, 0xFE	; 254
    1228:	08 f0       	brcs	.+2      	; 0x122c <__addsf3x+0x9a>
    122a:	b0 cf       	rjmp	.-160    	; 0x118c <__addsf3+0x28>
    122c:	93 95       	inc	r25
    122e:	88 0f       	add	r24, r24
    1230:	08 f0       	brcs	.+2      	; 0x1234 <__addsf3x+0xa2>
    1232:	99 27       	eor	r25, r25
    1234:	ee 0f       	add	r30, r30
    1236:	97 95       	ror	r25
    1238:	87 95       	ror	r24
    123a:	08 95       	ret

0000123c <__fixunssfsi>:
    123c:	0e 94 ba 09 	call	0x1374	; 0x1374 <__fp_splitA>
    1240:	88 f0       	brcs	.+34     	; 0x1264 <__fixunssfsi+0x28>
    1242:	9f 57       	subi	r25, 0x7F	; 127
    1244:	98 f0       	brcs	.+38     	; 0x126c <__fixunssfsi+0x30>
    1246:	b9 2f       	mov	r27, r25
    1248:	99 27       	eor	r25, r25
    124a:	b7 51       	subi	r27, 0x17	; 23
    124c:	b0 f0       	brcs	.+44     	; 0x127a <__fixunssfsi+0x3e>
    124e:	e1 f0       	breq	.+56     	; 0x1288 <__fixunssfsi+0x4c>
    1250:	66 0f       	add	r22, r22
    1252:	77 1f       	adc	r23, r23
    1254:	88 1f       	adc	r24, r24
    1256:	99 1f       	adc	r25, r25
    1258:	1a f0       	brmi	.+6      	; 0x1260 <__fixunssfsi+0x24>
    125a:	ba 95       	dec	r27
    125c:	c9 f7       	brne	.-14     	; 0x1250 <__fixunssfsi+0x14>
    125e:	14 c0       	rjmp	.+40     	; 0x1288 <__fixunssfsi+0x4c>
    1260:	b1 30       	cpi	r27, 0x01	; 1
    1262:	91 f0       	breq	.+36     	; 0x1288 <__fixunssfsi+0x4c>
    1264:	0e 94 d4 09 	call	0x13a8	; 0x13a8 <__fp_zero>
    1268:	b1 e0       	ldi	r27, 0x01	; 1
    126a:	08 95       	ret
    126c:	0c 94 d4 09 	jmp	0x13a8	; 0x13a8 <__fp_zero>
    1270:	67 2f       	mov	r22, r23
    1272:	78 2f       	mov	r23, r24
    1274:	88 27       	eor	r24, r24
    1276:	b8 5f       	subi	r27, 0xF8	; 248
    1278:	39 f0       	breq	.+14     	; 0x1288 <__fixunssfsi+0x4c>
    127a:	b9 3f       	cpi	r27, 0xF9	; 249
    127c:	cc f3       	brlt	.-14     	; 0x1270 <__fixunssfsi+0x34>
    127e:	86 95       	lsr	r24
    1280:	77 95       	ror	r23
    1282:	67 95       	ror	r22
    1284:	b3 95       	inc	r27
    1286:	d9 f7       	brne	.-10     	; 0x127e <__fixunssfsi+0x42>
    1288:	3e f4       	brtc	.+14     	; 0x1298 <__fixunssfsi+0x5c>
    128a:	90 95       	com	r25
    128c:	80 95       	com	r24
    128e:	70 95       	com	r23
    1290:	61 95       	neg	r22
    1292:	7f 4f       	sbci	r23, 0xFF	; 255
    1294:	8f 4f       	sbci	r24, 0xFF	; 255
    1296:	9f 4f       	sbci	r25, 0xFF	; 255
    1298:	08 95       	ret

0000129a <__floatunsisf>:
    129a:	e8 94       	clt
    129c:	09 c0       	rjmp	.+18     	; 0x12b0 <__floatsisf+0x12>

0000129e <__floatsisf>:
    129e:	97 fb       	bst	r25, 7
    12a0:	3e f4       	brtc	.+14     	; 0x12b0 <__floatsisf+0x12>
    12a2:	90 95       	com	r25
    12a4:	80 95       	com	r24
    12a6:	70 95       	com	r23
    12a8:	61 95       	neg	r22
    12aa:	7f 4f       	sbci	r23, 0xFF	; 255
    12ac:	8f 4f       	sbci	r24, 0xFF	; 255
    12ae:	9f 4f       	sbci	r25, 0xFF	; 255
    12b0:	99 23       	and	r25, r25
    12b2:	a9 f0       	breq	.+42     	; 0x12de <__floatsisf+0x40>
    12b4:	f9 2f       	mov	r31, r25
    12b6:	96 e9       	ldi	r25, 0x96	; 150
    12b8:	bb 27       	eor	r27, r27
    12ba:	93 95       	inc	r25
    12bc:	f6 95       	lsr	r31
    12be:	87 95       	ror	r24
    12c0:	77 95       	ror	r23
    12c2:	67 95       	ror	r22
    12c4:	b7 95       	ror	r27
    12c6:	f1 11       	cpse	r31, r1
    12c8:	f8 cf       	rjmp	.-16     	; 0x12ba <__floatsisf+0x1c>
    12ca:	fa f4       	brpl	.+62     	; 0x130a <__floatsisf+0x6c>
    12cc:	bb 0f       	add	r27, r27
    12ce:	11 f4       	brne	.+4      	; 0x12d4 <__floatsisf+0x36>
    12d0:	60 ff       	sbrs	r22, 0
    12d2:	1b c0       	rjmp	.+54     	; 0x130a <__floatsisf+0x6c>
    12d4:	6f 5f       	subi	r22, 0xFF	; 255
    12d6:	7f 4f       	sbci	r23, 0xFF	; 255
    12d8:	8f 4f       	sbci	r24, 0xFF	; 255
    12da:	9f 4f       	sbci	r25, 0xFF	; 255
    12dc:	16 c0       	rjmp	.+44     	; 0x130a <__floatsisf+0x6c>
    12de:	88 23       	and	r24, r24
    12e0:	11 f0       	breq	.+4      	; 0x12e6 <__floatsisf+0x48>
    12e2:	96 e9       	ldi	r25, 0x96	; 150
    12e4:	11 c0       	rjmp	.+34     	; 0x1308 <__floatsisf+0x6a>
    12e6:	77 23       	and	r23, r23
    12e8:	21 f0       	breq	.+8      	; 0x12f2 <__floatsisf+0x54>
    12ea:	9e e8       	ldi	r25, 0x8E	; 142
    12ec:	87 2f       	mov	r24, r23
    12ee:	76 2f       	mov	r23, r22
    12f0:	05 c0       	rjmp	.+10     	; 0x12fc <__floatsisf+0x5e>
    12f2:	66 23       	and	r22, r22
    12f4:	71 f0       	breq	.+28     	; 0x1312 <__floatsisf+0x74>
    12f6:	96 e8       	ldi	r25, 0x86	; 134
    12f8:	86 2f       	mov	r24, r22
    12fa:	70 e0       	ldi	r23, 0x00	; 0
    12fc:	60 e0       	ldi	r22, 0x00	; 0
    12fe:	2a f0       	brmi	.+10     	; 0x130a <__floatsisf+0x6c>
    1300:	9a 95       	dec	r25
    1302:	66 0f       	add	r22, r22
    1304:	77 1f       	adc	r23, r23
    1306:	88 1f       	adc	r24, r24
    1308:	da f7       	brpl	.-10     	; 0x1300 <__floatsisf+0x62>
    130a:	88 0f       	add	r24, r24
    130c:	96 95       	lsr	r25
    130e:	87 95       	ror	r24
    1310:	97 f9       	bld	r25, 7
    1312:	08 95       	ret

00001314 <__fp_inf>:
    1314:	97 f9       	bld	r25, 7
    1316:	9f 67       	ori	r25, 0x7F	; 127
    1318:	80 e8       	ldi	r24, 0x80	; 128
    131a:	70 e0       	ldi	r23, 0x00	; 0
    131c:	60 e0       	ldi	r22, 0x00	; 0
    131e:	08 95       	ret

00001320 <__fp_nan>:
    1320:	9f ef       	ldi	r25, 0xFF	; 255
    1322:	80 ec       	ldi	r24, 0xC0	; 192
    1324:	08 95       	ret

00001326 <__fp_pscA>:
    1326:	00 24       	eor	r0, r0
    1328:	0a 94       	dec	r0
    132a:	16 16       	cp	r1, r22
    132c:	17 06       	cpc	r1, r23
    132e:	18 06       	cpc	r1, r24
    1330:	09 06       	cpc	r0, r25
    1332:	08 95       	ret

00001334 <__fp_pscB>:
    1334:	00 24       	eor	r0, r0
    1336:	0a 94       	dec	r0
    1338:	12 16       	cp	r1, r18
    133a:	13 06       	cpc	r1, r19
    133c:	14 06       	cpc	r1, r20
    133e:	05 06       	cpc	r0, r21
    1340:	08 95       	ret

00001342 <__fp_round>:
    1342:	09 2e       	mov	r0, r25
    1344:	03 94       	inc	r0
    1346:	00 0c       	add	r0, r0
    1348:	11 f4       	brne	.+4      	; 0x134e <__fp_round+0xc>
    134a:	88 23       	and	r24, r24
    134c:	52 f0       	brmi	.+20     	; 0x1362 <__fp_round+0x20>
    134e:	bb 0f       	add	r27, r27
    1350:	40 f4       	brcc	.+16     	; 0x1362 <__fp_round+0x20>
    1352:	bf 2b       	or	r27, r31
    1354:	11 f4       	brne	.+4      	; 0x135a <__fp_round+0x18>
    1356:	60 ff       	sbrs	r22, 0
    1358:	04 c0       	rjmp	.+8      	; 0x1362 <__fp_round+0x20>
    135a:	6f 5f       	subi	r22, 0xFF	; 255
    135c:	7f 4f       	sbci	r23, 0xFF	; 255
    135e:	8f 4f       	sbci	r24, 0xFF	; 255
    1360:	9f 4f       	sbci	r25, 0xFF	; 255
    1362:	08 95       	ret

00001364 <__fp_split3>:
    1364:	57 fd       	sbrc	r21, 7
    1366:	90 58       	subi	r25, 0x80	; 128
    1368:	44 0f       	add	r20, r20
    136a:	55 1f       	adc	r21, r21
    136c:	59 f0       	breq	.+22     	; 0x1384 <__fp_splitA+0x10>
    136e:	5f 3f       	cpi	r21, 0xFF	; 255
    1370:	71 f0       	breq	.+28     	; 0x138e <__fp_splitA+0x1a>
    1372:	47 95       	ror	r20

00001374 <__fp_splitA>:
    1374:	88 0f       	add	r24, r24
    1376:	97 fb       	bst	r25, 7
    1378:	99 1f       	adc	r25, r25
    137a:	61 f0       	breq	.+24     	; 0x1394 <__fp_splitA+0x20>
    137c:	9f 3f       	cpi	r25, 0xFF	; 255
    137e:	79 f0       	breq	.+30     	; 0x139e <__fp_splitA+0x2a>
    1380:	87 95       	ror	r24
    1382:	08 95       	ret
    1384:	12 16       	cp	r1, r18
    1386:	13 06       	cpc	r1, r19
    1388:	14 06       	cpc	r1, r20
    138a:	55 1f       	adc	r21, r21
    138c:	f2 cf       	rjmp	.-28     	; 0x1372 <__fp_split3+0xe>
    138e:	46 95       	lsr	r20
    1390:	f1 df       	rcall	.-30     	; 0x1374 <__fp_splitA>
    1392:	08 c0       	rjmp	.+16     	; 0x13a4 <__fp_splitA+0x30>
    1394:	16 16       	cp	r1, r22
    1396:	17 06       	cpc	r1, r23
    1398:	18 06       	cpc	r1, r24
    139a:	99 1f       	adc	r25, r25
    139c:	f1 cf       	rjmp	.-30     	; 0x1380 <__fp_splitA+0xc>
    139e:	86 95       	lsr	r24
    13a0:	71 05       	cpc	r23, r1
    13a2:	61 05       	cpc	r22, r1
    13a4:	08 94       	sec
    13a6:	08 95       	ret

000013a8 <__fp_zero>:
    13a8:	e8 94       	clt

000013aa <__fp_szero>:
    13aa:	bb 27       	eor	r27, r27
    13ac:	66 27       	eor	r22, r22
    13ae:	77 27       	eor	r23, r23
    13b0:	cb 01       	movw	r24, r22
    13b2:	97 f9       	bld	r25, 7
    13b4:	08 95       	ret

000013b6 <__mulsf3>:
    13b6:	0e 94 ee 09 	call	0x13dc	; 0x13dc <__mulsf3x>
    13ba:	0c 94 a1 09 	jmp	0x1342	; 0x1342 <__fp_round>
    13be:	0e 94 93 09 	call	0x1326	; 0x1326 <__fp_pscA>
    13c2:	38 f0       	brcs	.+14     	; 0x13d2 <__mulsf3+0x1c>
    13c4:	0e 94 9a 09 	call	0x1334	; 0x1334 <__fp_pscB>
    13c8:	20 f0       	brcs	.+8      	; 0x13d2 <__mulsf3+0x1c>
    13ca:	95 23       	and	r25, r21
    13cc:	11 f0       	breq	.+4      	; 0x13d2 <__mulsf3+0x1c>
    13ce:	0c 94 8a 09 	jmp	0x1314	; 0x1314 <__fp_inf>
    13d2:	0c 94 90 09 	jmp	0x1320	; 0x1320 <__fp_nan>
    13d6:	11 24       	eor	r1, r1
    13d8:	0c 94 d5 09 	jmp	0x13aa	; 0x13aa <__fp_szero>

000013dc <__mulsf3x>:
    13dc:	0e 94 b2 09 	call	0x1364	; 0x1364 <__fp_split3>
    13e0:	70 f3       	brcs	.-36     	; 0x13be <__mulsf3+0x8>

000013e2 <__mulsf3_pse>:
    13e2:	95 9f       	mul	r25, r21
    13e4:	c1 f3       	breq	.-16     	; 0x13d6 <__mulsf3+0x20>
    13e6:	95 0f       	add	r25, r21
    13e8:	50 e0       	ldi	r21, 0x00	; 0
    13ea:	55 1f       	adc	r21, r21
    13ec:	62 9f       	mul	r22, r18
    13ee:	f0 01       	movw	r30, r0
    13f0:	72 9f       	mul	r23, r18
    13f2:	bb 27       	eor	r27, r27
    13f4:	f0 0d       	add	r31, r0
    13f6:	b1 1d       	adc	r27, r1
    13f8:	63 9f       	mul	r22, r19
    13fa:	aa 27       	eor	r26, r26
    13fc:	f0 0d       	add	r31, r0
    13fe:	b1 1d       	adc	r27, r1
    1400:	aa 1f       	adc	r26, r26
    1402:	64 9f       	mul	r22, r20
    1404:	66 27       	eor	r22, r22
    1406:	b0 0d       	add	r27, r0
    1408:	a1 1d       	adc	r26, r1
    140a:	66 1f       	adc	r22, r22
    140c:	82 9f       	mul	r24, r18
    140e:	22 27       	eor	r18, r18
    1410:	b0 0d       	add	r27, r0
    1412:	a1 1d       	adc	r26, r1
    1414:	62 1f       	adc	r22, r18
    1416:	73 9f       	mul	r23, r19
    1418:	b0 0d       	add	r27, r0
    141a:	a1 1d       	adc	r26, r1
    141c:	62 1f       	adc	r22, r18
    141e:	83 9f       	mul	r24, r19
    1420:	a0 0d       	add	r26, r0
    1422:	61 1d       	adc	r22, r1
    1424:	22 1f       	adc	r18, r18
    1426:	74 9f       	mul	r23, r20
    1428:	33 27       	eor	r19, r19
    142a:	a0 0d       	add	r26, r0
    142c:	61 1d       	adc	r22, r1
    142e:	23 1f       	adc	r18, r19
    1430:	84 9f       	mul	r24, r20
    1432:	60 0d       	add	r22, r0
    1434:	21 1d       	adc	r18, r1
    1436:	82 2f       	mov	r24, r18
    1438:	76 2f       	mov	r23, r22
    143a:	6a 2f       	mov	r22, r26
    143c:	11 24       	eor	r1, r1
    143e:	9f 57       	subi	r25, 0x7F	; 127
    1440:	50 40       	sbci	r21, 0x00	; 0
    1442:	9a f0       	brmi	.+38     	; 0x146a <__mulsf3_pse+0x88>
    1444:	f1 f0       	breq	.+60     	; 0x1482 <__mulsf3_pse+0xa0>
    1446:	88 23       	and	r24, r24
    1448:	4a f0       	brmi	.+18     	; 0x145c <__mulsf3_pse+0x7a>
    144a:	ee 0f       	add	r30, r30
    144c:	ff 1f       	adc	r31, r31
    144e:	bb 1f       	adc	r27, r27
    1450:	66 1f       	adc	r22, r22
    1452:	77 1f       	adc	r23, r23
    1454:	88 1f       	adc	r24, r24
    1456:	91 50       	subi	r25, 0x01	; 1
    1458:	50 40       	sbci	r21, 0x00	; 0
    145a:	a9 f7       	brne	.-22     	; 0x1446 <__mulsf3_pse+0x64>
    145c:	9e 3f       	cpi	r25, 0xFE	; 254
    145e:	51 05       	cpc	r21, r1
    1460:	80 f0       	brcs	.+32     	; 0x1482 <__mulsf3_pse+0xa0>
    1462:	0c 94 8a 09 	jmp	0x1314	; 0x1314 <__fp_inf>
    1466:	0c 94 d5 09 	jmp	0x13aa	; 0x13aa <__fp_szero>
    146a:	5f 3f       	cpi	r21, 0xFF	; 255
    146c:	e4 f3       	brlt	.-8      	; 0x1466 <__mulsf3_pse+0x84>
    146e:	98 3e       	cpi	r25, 0xE8	; 232
    1470:	d4 f3       	brlt	.-12     	; 0x1466 <__mulsf3_pse+0x84>
    1472:	86 95       	lsr	r24
    1474:	77 95       	ror	r23
    1476:	67 95       	ror	r22
    1478:	b7 95       	ror	r27
    147a:	f7 95       	ror	r31
    147c:	e7 95       	ror	r30
    147e:	9f 5f       	subi	r25, 0xFF	; 255
    1480:	c1 f7       	brne	.-16     	; 0x1472 <__mulsf3_pse+0x90>
    1482:	fe 2b       	or	r31, r30
    1484:	88 0f       	add	r24, r24
    1486:	91 1d       	adc	r25, r1
    1488:	96 95       	lsr	r25
    148a:	87 95       	ror	r24
    148c:	97 f9       	bld	r25, 7
    148e:	08 95       	ret

00001490 <__tablejump2__>:
    1490:	ee 0f       	add	r30, r30
    1492:	ff 1f       	adc	r31, r31
    1494:	05 90       	lpm	r0, Z+
    1496:	f4 91       	lpm	r31, Z
    1498:	e0 2d       	mov	r30, r0
    149a:	09 94       	ijmp

0000149c <_exit>:
    149c:	f8 94       	cli

0000149e <__stop_program>:
    149e:	ff cf       	rjmp	.-2      	; 0x149e <__stop_program>
